Compte,Description, Solde d'ouverture , Débits , Crédits , Solde Mouvement période , Débit solde fin , Crédit solde fin 
102100,Fonds de dotation initiale,"-10,000,000,000   ", -     , -     , -     , -     ," 10,000,000,000   "
102300,Fonds dotation complémentaire,"-247,206,480,787   ", -     , -     , -     , -     ," 247,206,480,787   "
111100,"Res, fonds social vieillesse","-393,222,629,742   ", -     ," 121,431,844,573   ","-121,431,844,573   ", -     ," 514,654,474,315   "
111200,"Res, techniques ( AT/MP )","-17,770,655,896   ", -     ,"-578,585,109   "," 578,585,109   ", -     ," 17,192,070,787   "
111600,Réserves de trésorerie,"-56,105,144,812   ", -     ," 813,650,541   ","-813,650,541   ", -     ," 56,918,795,353   "
111700,Réserves de sécurité,"-8,895,453,327   ", -     ," 3,669,239,164   ","-3,669,239,164   ", -     ," 12,564,692,491   "
122800,Resultat net de l'exercice,"-125,336,149,169   "," 125,336,149,169   ", -     ," 125,336,149,169   ", -     , -     
171000,Emprunt BACI,"-5,979,177,666   "," 5,979,177,666   "," 20,000,000,000   ","-14,020,822,334   ", -     ," 20,000,000,000   "
171020,Emprunt ECOBANK, -     , -     ," 20,000,000,000   ","-20,000,000,000   ", -     ," 20,000,000,000   "
171053,EMPRUNT SGCI 2019,"-5,328,693,714   "," 5,328,693,714   ", -     ," 5,328,693,714   ", -     , -     
171055,EMPRUNT CORIS,"-9,982,646,150   "," 9,982,646,150   ", -     ," 9,982,646,150   ", -     , -     
175800,Autres depots et cautionnements,"-422,382,194   ", -     ," 2,660,716   ","-2,660,716   ", -     ," 425,042,910   "
178800,INTERÊT COURUS NON ECHU/EMPRUNT,"-20,177,421   ", -     ," 30,933,690   ","-30,933,690   ", -     ," 51,111,111   "
191100,Provis litiges/personnel,"-1,892,851,438   "," 1,892,851,438   "," 1,704,213,942   "," 188,637,496   ", -     ," 1,704,213,942   "
191101,"Provis litiges/parts soc,","-6,878,887,552   "," 6,878,887,552   "," 6,059,978,980   "," 818,908,572   ", -     ," 6,059,978,980   "
191810,Prov risque réclam RET,"-1,948,822,198   "," 1,948,822,198   "," 579,615,972   "," 1,369,206,226   ", -     ," 579,615,972   "
191820,Prov risque réclam ATMP,"-119,203,194   "," 119,203,194   "," 98,326,779   "," 20,876,415   ", -     ," 98,326,779   "
191830,Prov risque réclam PF,"-44,473,135   "," 44,473,135   "," 81,701,850   ","-37,228,715   ", -     ," 81,701,850   "
191850,Prov risque réclam ASS MATERNIT,"-4,625,046   "," 4,625,046   "," 5,046,170   ","-421,124   ", -     ," 5,046,170   "
193100,Provision pour indemnités et ob,"-8,773,580,216   "," 8,773,580,216   "," 7,665,549,231   "," 1,108,030,985   ", -     ," 7,665,549,231   "
202000,Frais d'acquisition," 1,052,417,858   ", -     , -     , -     ," 1,052,417,858   ", -     
203000,Frais d'étude et de plans const," 4,607,873,353   ", -     , -     , -     ," 4,607,873,353   ", -     
205000,Logiciels," 12,976,896,254   "," 4,700,739,549   "," 2,260,500,000   "," 2,440,239,549   "," 15,417,135,803   ", -     
211100,Terrains non batîs," 68,481,384,596   "," 69,740,360,469   ", -     ," 69,740,360,469   "," 138,221,745,065   ", -     
212000,Terrains  a titre onereux," 222,587,801   ", -     , -     , -     ," 222,587,801   ", -     
215000,Terrains batis a titre onereux," 470,811,220   ", -     , -     , -     ," 470,811,220   ", -     
215100,Terrains batis," 5,889,248,453   ", -     , -     , -     ," 5,889,248,453   ", -     
220010,Immeubles administratifs," 27,239,159,671   ", -     , -     , -     ," 27,239,159,671   ", -     
220020,Immeubles des oeuvres," 2,553,973,604   ", -     , -     , -     ," 2,553,973,604   ", -     
220100,Immeubles de rapport," 31,127,423,611   "," 50,368,300   "," 50,368,300   ", -     ," 31,127,423,611   ", -     
220200,Immeubles de fonction," 156,813,716   ", -     , -     , -     ," 156,813,716   ", -     
220600,"Instal amenag ,construction"," 11,459,848,972   "," 1,281,002,108   "," 9,003,694   "," 1,271,998,414   "," 12,731,847,386   ", -     
220700,Agence amenage technique," 869,688,382   "," 206,485,422   ", -     ," 206,485,422   "," 1,076,173,804   ", -     
220900,"Installation generale, agenceme"," 194,878,768   "," 57,337,931   "," 2,736,497   "," 54,601,434   "," 249,480,202   ", -     
221000,Materiel de bureau," 148,450,436   "," 4,176,324   "," 4,176,324   ", -     ," 148,450,436   ", -     
221100,Mobilier de bureau," 2,477,548,021   "," 533,534,689   "," 382,943,372   "," 150,591,317   "," 2,628,139,338   ", -     
222000,Materiel informatique," 5,275,829,647   "," 1,069,110,850   "," 422,755,275   "," 646,355,575   "," 5,922,185,222   ", -     
223000,Materiel de transport," 3,903,457,158   "," 1,212,476,878   "," 959,997,756   "," 252,479,122   "," 4,155,936,280   ", -     
224000,Mat- mob technique des centres," 69,232,747   "," 1,408,395   "," 1,045,968   "," 362,427   "," 69,595,174   ", -     
224010,Materiel technique non médical," 13,776,739   ", -     , -     , -     ," 13,776,739   ", -     
224220,Materiel technique  medical," 338,106,053   "," 760,000   "," 785,000   ","-25,000   "," 338,081,053   ", -     
229000,Autres materiel et mobilier," 3,353,443,661   "," 171,882,169   "," 181,602,192   ","-9,720,023   "," 3,343,723,638   ", -     
229100,Materiel de Froid," 369,630,620   "," 98,159,753   "," 30,601,154   "," 67,558,599   "," 437,189,219   ", -     
229200,Materiel de Protection," 411,228,719   "," 142,978,130   "," 18,013,103   "," 124,965,027   "," 536,193,746   ", -     
229300,Materiel et mobilier de l'infir," 23,694,064   "," 14,701,803   ", -     ," 14,701,803   "," 38,395,867   ", -     
229400,Autres Matériels et Mobiliers," 1,036,053,990   "," 166,307,493   "," 99,643,243   "," 66,664,250   "," 1,102,718,240   ", -     
230000,Immobilisations incorporelles e, -     ," 2,820,000,000   ", -     ," 2,820,000,000   "," 2,820,000,000   ", -     
231000,Immobilisations Corporelles en," 10,299,323,157   "," 3,064,263,034   "," 340,199,577   "," 2,724,063,457   "," 13,023,386,614   ", -     
240000,Avances et acomptes sur autres," 1,056,355,491   "," 211,324,579   ", -     ," 211,324,579   "," 1,267,680,070   ", -     
248000,Av et acptes commande d'immos," 76,207,021,118   "," 26,720,269,514   "," 69,757,678,977   ","-43,037,409,463   "," 33,169,611,655   ", -     
255000,Prets vehicules aux Controleurs, 31   , -     , -     , -     , 31   , -     
255100,Prets vehicules aux Agents," 780,537,326   "," 435,882,522   "," 419,853,152   "," 16,029,370   "," 796,566,696   ", -     
255200,Prets vehicules aux Cadres, -     ," 16,183,270   "," 16,183,270   ", -     , -     , -     
256210,Prets SIPIM 1," 38,666,233   ", -     , -     , -     ," 38,666,233   ", -     
256300,Prets immobiliers aux agents," 1,006,044,322   "," 546,379,898   "," 453,997,181   "," 92,382,717   "," 1,098,427,039   ", -     
256400,Avance/droit de départ retraite," 346,317,951   "," 144,700,000   "," 178,723,618   ","-34,023,618   "," 312,294,333   ", -     
258020,Pret SICOMED," 352,714,045   ", -     , -     , -     ," 352,714,045   ", -     
258070,PRET CITRANS," 2,000,000,000   ", -     , -     , -     ," 2,000,000,000   ", -     
258080,PRET HCP_MOVENPICK," 728,400,000   ", -     , -     , -     ," 728,400,000   ", -     
258200,Prêt MA-CNPS," 7,589,475   ", -     , -     , -     ," 7,589,475   ", -     
258900,Autres prets," 12,148,197   ", -     ," 12,148,071   ","-12,148,071   ", 126   , -     
271100,Titres de participation," 177,886,173,644   "," 81,837,090,112   "," 250,921,341   "," 81,586,168,771   "," 259,472,342,415   ", -     
271200,Obligations et bons immobilises," 246,050,111,362   "," 109,819,997,924   "," 34,246,969,219   "," 75,573,028,705   "," 321,623,140,067   ", -     
275000,Depots et cautionnement," 10,130,866   ", -     , -     , -     ," 10,130,866   ", -     
278200,Interets courus sur titres immo," 5,398,001,242   "," 3,696,266,050   ", -     ," 3,696,266,050   "," 9,094,267,292   ", -     
278500,NSIA  ASSURANCE: Fonds d'Indemn," 6,759,104,282   "," 1,445,213,054   "," 1,834,140,207   ","-388,927,153   "," 6,370,177,129   ", -     
278600,NSIA  ASSURANCE: Fonds d'Indemn," 2,014,475,934   ", -     , -     , -     ," 2,014,475,934   ", -     
280200,Amort-frais d'acquisition,"-1,052,417,858   ", -     , -     , -     , -     ," 1,052,417,858   "
280300,Amort-Frais étude et de plans c,"-4,376,395,498   ", -     ," 131,402,925   ","-131,402,925   ", -     ," 4,507,798,423   "
280500,Amort-Logiciels,"-11,643,940,893   "," 2,260,500,000   "," 3,453,811,341   ","-1,193,311,341   ", -     ," 12,837,252,234   "
282000,Amort-immeubles administratifs, -     ," 1,089,595,714   "," 1,089,595,714   ", -     , -     , -     
282001,Amort-immeubles administratifs,"-8,932,566,664   ", -     ," 1,088,439,505   ","-1,088,439,505   ", -     ," 10,021,006,169   "
282002,Amort-Immbes -oeuvres,"-2,171,887,933   ", -     ," 101,889,450   ","-101,889,450   ", -     ," 2,273,777,383   "
282010,Amort-immeubles de rapport,"-15,625,376,379   "," 11,500,635   "," 1,250,276,020   ","-1,238,775,385   ", -     ," 16,864,151,764   "
282020,Amort-logements de fonction,"-133,291,596   ", -     ," 6,272,544   ","-6,272,544   ", -     ," 139,564,140   "
282040,Amort-Immbes -oeuvres, -     ," 101,889,450   "," 101,889,450   ", -     , -     , -     
282060,"Amort gls, ag-constructions","-8,758,274,374   "," 1,350,558   "," 1,058,099,496   ","-1,056,748,938   ", -     ," 9,815,023,312   "
282070,Amort des installations general,"-655,422,565   ", -     ," 143,845,726   ","-143,845,726   ", -     ," 799,268,291   "
282090,Amort des installations general,"-181,022,678   "," 121,817   "," 7,343,060   ","-7,221,243   ", -     ," 188,243,921   "
282100,Amort materiel de bureau,"-147,427,133   ", -     , -     , -     , -     ," 147,427,133   "
282110,Amort materiel de bureau,"-1,891,351,135   "," 4,142,143   "," 234,156,856   ","-230,014,713   ", -     ," 2,121,365,848   "
282120,Amort mobilier de bureau, -     ," 500,220,107   "," 500,220,107   ", -     , -     , -     
282200,Amort materiel informatique,"-4,478,380,587   "," 393,269,941   "," 889,336,698   ","-496,066,757   ", -     ," 4,974,447,344   "
282300,Amort du materiel de transport,"-3,490,194,867   "," 927,093,756   "," 858,022,170   "," 69,071,586   ", -     ," 3,421,123,281   "
282400,Amort mat-mob-centres sociaux,"-53,239,533   "," 736,214   "," 7,480,779   ","-6,744,565   ", -     ," 59,984,098   "
282401,Amort Mat-mob Tech non médical,"-13,776,739   ", -     , -     , -     , -     ," 13,776,739   "
282422,Amort du mat technique médical,"-335,383,215   ", -     ," 2,697,838   ","-2,697,838   ", -     ," 338,081,053   "
282500,Amort du mat technique médical, -     ," 3,482,838   "," 3,482,838   ", -     , -     , -     
282900,Amort-autres mat et mobilier,"-3,350,370,888   "," 181,602,189   "," 174,382,747   "," 7,219,442   ", -     ," 3,343,151,446   "
282910,Amort du materiel de froid,"-205,423,961   "," 20,833,205   "," 89,725,025   ","-68,891,820   ", -     ," 274,315,781   "
282920,Amort du materiel de protection,"-273,515,483   "," 15,714,481   "," 98,895,216   ","-83,180,735   ", -     ," 356,696,218   "
282930,Amort du materiel et mobilier d,"-11,203,829   ", -     ," 5,354,601   ","-5,354,601   ", -     ," 16,558,430   "
282940,Amort-autres mat et mobilier,"-630,017,970   "," 54,598,759   "," 220,395,183   ","-165,796,424   ", -     ," 795,814,394   "
291510,Provis dép terrains bâtis,"-76,020,795   ", -     , -     , -     , -     ," 76,020,795   "
292002,Provis/dépre Immbles Sociales,"-264,854,874   ", -     , -     , -     , -     ," 264,854,874   "
292010,Provis/dépre  Immbles Locatif,"-414,338,965   ", -     , -     , -     , -     ," 414,338,965   "
292070,Provis/dépre Bat Administratifs,"-198,083,713   ", -     , -     , -     , -     ," 198,083,713   "
292200,Provis/dépre Mat Informatique,"-16,160,243   ", -     , -     , -     , -     ," 16,160,243   "
295510,Provis depreciation des prets V,"-20,619,089   ", -     , -     , -     , -     ," 20,619,089   "
295621,Provis depré du pret SIPIM,"-38,666,233   ", -     , -     , -     , -     ," 38,666,233   "
295630,Provis dépréc prêts Immo person,"-17,445,600   ", -     , -     , -     , -     ," 17,445,600   "
295802,Provis depré du pret SICOMED,"-352,714,045   ", -     , -     , -     , -     ," 352,714,045   "
297110,Provis depré titres participati,"-11,032,163,662   ", -     ," 14,767,829,473   ","-14,767,829,473   ", -     ," 25,799,993,135   "
297120,Provis depré des obligations et,"-3,078,096   ", -     ,"-3,078,096   "," 3,078,096   ", -     , -     
322500,Stocks Four de bureau," 26,324,577   ", -     , -     , -     ," 26,324,577   ", -     
322600,Stocks Four ensemble electroniq," 69,424,299   ", -     , -     , -     ," 69,424,299   ", -     
322800,Stocks Autres fournits consomma," 3,705,307   ", -     , -     , -     ," 3,705,307   ", -     
355100,Stock de constructions," 15,627,530,464   ", -     , -     , -     ," 15,627,530,464   ", -     
401100,AP- Fournis ordinaires de pesta,"-2,175,015,538   "," 26,296,486,719   "," 28,762,335,019   ","-2,465,848,300   ", -     ," 4,640,863,838   "
401101,GL- Fournis marchs matieres 1er, -     , -     ," 4,327,516   ","-4,327,516   ", -     ," 4,327,516   "
401110,Fournisseurs occasionels, -     ,"-290,000   ","-290,000   ", -     , -     , -     
401200,Fournisseur d'immobilisations (,"-494,026,196   "," 9,204,889,628   "," 8,925,882,151   "," 279,007,477   ", -     ," 215,018,719   "
401201,Fourniss d'investissement,"-133,315,409   "," 9,809,626,200   "," 10,040,152,445   ","-230,526,245   ", -     ," 363,841,654   "
401300,"Fournis, pharma, labos","-72,383,162   "," 1,456,968,623   "," 1,528,151,002   ","-71,182,379   ", -     ," 143,565,541   "
401400,"Fournis, retenues de garantie","-1,358,070,950   "," 563,062,021   "," 236,203,297   "," 326,858,724   ", -     ," 1,031,212,226   "
401600,"Fournis, factures non parvenues","-8,070,826,370   "," 538,428,108   "," 2,412,789,442   ","-1,874,361,334   ", -     ," 9,945,187,704   "
401710,"AP- Fournis, avances et acompte"," 12,637,397,384   "," 9,916,750,731   "," 9,179,749,888   "," 737,000,843   "," 13,374,398,227   ", -     
401711,AP- Honoraire Av et Ac/ fact AP," 785,691,623   "," 10,000,000   ", -     ," 10,000,000   "," 795,691,623   ", -     
401712,retenue compte prorata," 213,819,507   "," 9,600,000   ", -     ," 9,600,000   "," 223,419,507   ", -     
401720,"Acomptes aux pharmacies, labora"," 2,179,212,775   "," 447,203,877   "," 369,604,198   "," 77,599,679   "," 2,256,812,454   ", -     
401800,Fournis trop perçus," 31,884,674   ", -     ," 10,810,756   ","-10,810,756   "," 21,073,918   ", -     
405100,Prestations familiales a payer,"-3,994,063,500   "," 8,715,695,000   "," 8,079,849,000   "," 635,846,000   ", -     ," 3,358,217,500   "
405110,Prestations d'AT/MP a payer,"-3,859,033,799   "," 14,723,178,920   "," 12,820,306,457   "," 1,902,872,463   ", -     ," 1,956,161,336   "
405111,"AP Prest, Acompte ATMP à payer","-3,638,049   "," 224,257,836   "," 222,194,583   "," 2,063,253   ", -     ," 1,574,796   "
405112,"AP Prest, ATMP frais médicaux","-27,823,865   "," 390,339,023   "," 364,932,849   "," 25,406,174   ", -     ," 2,417,691   "
405120,Prestations de retraite a payer,"-1,485,177,820   "," 242,135,906,066   "," 242,333,662,503   ","-197,756,437   ", -     ," 1,682,934,257   "
405121,"Pret, Acpte Retraite à payer","-32,850,519   "," 152,886,495   "," 153,344,677   ","-458,182   ", -     ," 33,308,701   "
405140,Prestations Frais médicaux à pa," 645,067,914   "," 1,221,979,521   "," 1,890,220,494   ","-668,240,973   ", -     ," 23,173,059   "
405160,Prestations IJ Assurance matern,"-970,672,728   "," 13,559,293,029   "," 12,824,989,421   "," 734,303,608   ", -     ," 236,369,120   "
405710,Acptes sur rentes ou IJ/AT," 216,522,787   "," 258,755,940   "," 255,298,344   "," 3,457,596   "," 219,980,383   ", -     
405720,Acptes sur pension de retraite," 17,163,730   "," 141,016,926   "," 131,945,195   "," 9,071,731   "," 26,235,461   ", -     
405730,Prélèvement MUTREPCI à reverser," 190,744   "," 474,768,914   "," 474,757,298   "," 11,616   "," 202,360   ", -     
405740,Prélèvement MAR-BICI à reverser," 11,616   "," 115,552,947   "," 115,564,563   ","-11,616   ", -     , -     
405750,Prélevement CMU,"-4,000   "," 2,398,081,000   "," 2,398,080,000   "," 1,000   ", -     ," 3,000   "
405800,"Presta fam indues,a recuperer"," 1,140,000   "," 4,927,064   "," 4,927,064   ", -     ," 1,140,000   ", -     
405810,"Presta d'AT/MP, a recuperer"," 292,100   "," 1,028,417   "," 1,028,417   ", -     ," 292,100   ", -     
405820,"Prestations retraite indues, à"," 80,511,719   "," 326,878,807   "," 343,000,853   ","-16,122,046   "," 64,389,673   ", -     
411100,Tickets contributifs,"-2,535,927   "," 66,164,102   "," 64,580,909   "," 1,583,193   ", -     ," 952,734   "
411110,Usagers des centres sociaux," 2,593,440   ", -     , -     , -     ," 2,593,440   ", -     
411120,Pharmacie,"-2,200   ", -     , -     , -     , -     ," 2,200   "
411130,Centre Appareil. YOP," 380,600   "," 11,787,800   "," 12,108,400   ","-320,600   "," 60,000   ", -     
411202,Locatires gérance  AICI," 35,049,035   "," 1,301,853,200   "," 1,320,852,426   ","-18,999,226   "," 16,049,809   ", -     
411203,Locatires gérance  CI-PM," 226,270,689   "," 1,251,657,292   "," 1,024,130,356   "," 227,526,936   "," 453,797,625   ", -     
411204,Locatires gérance  SCI BUSINESS," 24,751,813   "," 348,618,612   "," 373,370,425   ","-24,751,813   ", -     , -     
411205,Loca gerance dir exe antérieur," 693,981,559   "," 236,795,689   "," 288,877,877   ","-52,082,188   "," 641,899,371   ", -     
411206,Locatires gérance  AICI exercie," 49,103,642   "," 37,421,907   "," 35,801,919   "," 1,619,988   "," 50,723,630   ", -     
411208,Locatires gérance  SCI BUSINESS, -     ," 24,924,313   "," 13,539,313   "," 11,385,000   "," 11,385,000   ", -     
411250,"Loyer, creances contentieuses"," 3,757,651,525   ", -     ," 6,600,000   ","-6,600,000   "," 3,751,051,525   ", -     
411520,Depots garantie gerance directe," 2,668,760   ", -     , -     , -     ," 2,668,760   ", -     
411710,Locataire Acpte & Avce reçu,"-6,439,770   ", -     , -     , -     , -     ," 6,439,770   "
411750,AVANCE RECU SUR VENTE DE LOGEME,"-7,452,028,257   ", -     ," 1,330,340,000   ","-1,330,340,000   ", -     ," 8,782,368,257   "
415105,"Cot, creances exe en cours"," 94,400,361,887   "," 346,594,739,265   "," 321,492,738,609   "," 25,102,000,656   "," 119,502,362,543   ", -     
415106,"Cot, cotisation exercice postér"," 215,207,724   "," 213,441,242   "," 219,425,451   ","-5,984,209   "," 209,223,515   ", -     
415176,"Cot, creances exigibles sur exe"," 221,814,254,969   "," 141,237,020,806   "," 115,998,729,318   "," 25,238,291,488   "," 247,052,546,457   ", -     
415181,"Cotisants, Debits à regulariser"," 6,689,713   ", -     , -     , -     ," 6,689,713   ", -     
415340,"Cots, creances contentieuses"," 56,861,287,306   "," 4,096,881,102   "," 1,646,573,646   "," 2,450,307,456   "," 59,311,594,762   ", -     
415350,"Cots, contentieuses Bouaké","-934,077   ", -     ,"-934,077   "," 934,077   ", -     , -     
415710,"Cotisants, rachat de cotisation"," 31,066,700   "," 14,896,759   "," 42,427,281   ","-27,530,522   "," 3,536,178   ", -     
415720,"Cotisants, effet reçus à recouv","-2,566,585,121   "," 1,720,103,075   "," 735,737,047   "," 984,366,028   ", -     ," 1,582,219,093   "
415750,"Cotisants, enc à rembourser","-2,179,386,890   "," 9,396,573   "," 419,799,135   ","-410,402,562   ", -     ," 2,589,789,452   "
415800,"Cotisants, compte de reclasseme"," 11,340,288   ", -     , -     , -     ," 11,340,288   ", -     
420000,Acomptes au personnel," 3,436,138   "," 42,760,328   "," 43,925,208   ","-1,164,880   "," 2,271,258   ", -     
420010,Avance au personnel," 8,355,610   "," 44,462,431   "," 37,566,594   "," 6,895,837   "," 15,251,447   ", -     
420020,Prêt Social aux agents," 91,985,010   "," 204,238,000   "," 217,753,001   ","-13,515,001   "," 78,470,009   ", -     
420210,Avance scolaire," 394,994,362   "," 555,280,000   "," 541,777,500   "," 13,502,500   "," 408,496,862   ", -     
420301,AP- Avance / Indem Administrate, -     ," 5,000,000   "," 5,000,000   ", -     , -     , -     
420306,GL- Pers.Trop perçu/mission,"-4,258,500   ", -     ," 1,800,000   ","-1,800,000   ", -     ," 6,058,500   "
420400,Personnel débiteur,"-1,090,005   ", -     , -     , -     , -     ," 1,090,005   "
425000,Rémunerations dues au personnel,"-25,073,519   "," 19,159,396,284   "," 19,134,322,765   "," 25,073,519   ", -     , -     
425020,Dép.retraite&licenc.&démission,"-237,472,756   "," 382,707,293   "," 912,473,709   ","-529,766,416   ", -     ," 767,239,172   "
425040,Rémuneration CDD et intérimaire," 548,205   "," 1,611,257,743   "," 1,613,797,332   ","-2,539,589   ", -     ," 1,991,384   "
425050,Droits de décès des agents,"-35,313,524   "," 45,824,809   "," 5,189,482   "," 40,635,327   "," 5,321,803   ", -     
425100,Prime d'interessement aux agent," 629,288   ", -     ," 629,288   ","-629,288   ", -     , -     
425800,Pers. Retenue/impots/Gratif,"-2,410,883   "," 343,300,042   "," 340,889,159   "," 2,410,883   ", -     , -     
427000,Opposition delegations  salaire,"-1,258,276   ", -     ," 100,000   ","-100,000   ", -     ," 1,358,276   "
427210,personnel retenue loyer  CI-PM,"-180,000   "," 1,720,000   "," 1,680,000   "," 40,000   ", -     ," 140,000   "
427300,Retenue banques, -     ," 13,200,000   "," 14,400,000   ","-1,200,000   ", -     ," 1,200,000   "
427301,Retenue AXA-VIE,"-7,168,853   "," 82,508,921   "," 81,394,097   "," 1,114,824   ", -     ," 6,054,029   "
427302,Retenue BENEFICIAL LIFE,"-162,985   "," 2,015,820   "," 2,015,820   ", -     , -     ," 162,985   "
427304,Retenue Saham Assurance,"-1,537,928   "," 19,022,831   "," 18,893,576   "," 129,255   ", -     ," 1,408,673   "
427400,MUTUELLES,"-511,522,289   "," 1,222,809,156   "," 806,556,940   "," 416,252,216   ", -     ," 95,270,073   "
427401,A.I.D.E.S.S,"-650,000   "," 7,020,000   "," 6,990,000   "," 30,000   ", -     ," 620,000   "
427404,Retenue synatra CNPS,"-332,000   "," 4,813,000   "," 4,956,000   ","-143,000   ", -     ," 475,000   "
427405,Retenue SYLA CNPS,"-302,000   "," 4,132,000   "," 4,145,000   ","-13,000   ", -     ," 315,000   "
427501,Retenue librairie de france,"-117,500   ", -     , -     , -     , -     ," 117,500   "
427600,Retenue Alios,"-236,434   ", -     , -     , -     , -     ," 236,434   "
427601,SAISIES (Hussiers),"-169,975   ", -     , -     , -     , -     ," 169,975   "
427602,OPPOSITIONS/SALAIRE,"-325,000   "," 3,900,000   "," 3,900,000   ", -     , -     ," 325,000   "
427604,B.H.C.I ( Prêt Prevoyance )," 87,154,284   ", -     , -     , -     ," 87,154,284   ", -     
427607,RETENUE UBA,"-1,300,000   "," 7,800,000   "," 7,900,000   ","-100,000   ", -     ," 1,400,000   "
427701,retenue intelco,"-21,093   ", -     , -     , -     , -     ," 21,093   "
427703,FANTASIA,"-10,000   ", -     , -     , -     , -     ," 10,000   "
427708,Cotisation SYNA CNPS,"-428,000   "," 5,166,000   "," 5,143,000   "," 23,000   ", -     ," 405,000   "
427709,Retenue Canal Horizon,"-520,000   ", -     , -     , -     , -     ," 520,000   "
427710,Retenue US CNPS,"-407,000   "," 3,830,000   "," 5,095,000   ","-1,265,000   ", -     ," 1,672,000   "
427711,Retenue TELECEL," 580,000   ", -     , -     , -     ," 580,000   ", -     
427714,Retenue ORANGE,"-660,000   ", -     ," 120,000   ","-120,000   ", -     ," 780,000   "
427715,retenue SILSTECHNOLOGIE,"-620,000   ", -     , -     , -     , -     ," 620,000   "
427716,RETENUE ASCO-CNPS,"-544,000   "," 6,980,000   "," 7,068,000   ","-88,000   ", -     ," 632,000   "
427800,AFC-CNPS,"-561,000   "," 6,759,000   "," 6,762,000   ","-3,000   ", -     ," 564,000   "
427950,Retenue assurance maladie du pe,"-42,586,098   "," 300,964,500   "," 283,596,000   "," 17,368,500   ", -     ," 25,217,598   "
427955,Retenue assurn maladie  personn,"-55,461,430   "," 458,724,305   "," 423,620,000   "," 35,104,305   ", -     ," 20,357,125   "
428600,Charges a payer,"-952,684,398   "," 952,684,398   "," 758,849,415   "," 193,834,983   ", -     ," 758,849,415   "
428700,Produits a recevoir, -     ," 3,726,161   "," 1,159,230   "," 2,566,931   "," 2,566,931   ", -     
434000,Personnel CNPS Impots sur salai,"-1,554,333,772   "," 4,337,094,034   "," 4,281,137,430   "," 55,956,604   ", -     ," 1,498,377,168   "
434010,Impots sur IJ maternité,"-143,280,264   "," 1,195,618,317   "," 1,127,220,848   "," 68,397,469   ", -     ," 74,882,795   "
434020,"Pension, Impôt-Retraite","-21,271,905   "," 2,810,680,330   "," 2,824,353,741   ","-13,673,411   ", -     ," 34,945,316   "
434030,Personnel FDFP/ TA et TFPC,"-55,795,022   "," 196,556,555   "," 196,653,357   ","-96,802   ", -     ," 55,891,824   "
434120,Pension RET-CRN (Contribution R, -     ," 4,530   "," 4,530   ", -     , -     , -     
434200,Impots fonciers,"-216,489,899   "," 1,421,866,413   "," 1,427,343,789   ","-5,477,376   ", -     ," 221,967,275   "
434300,Impots sur loyers," 773,230   ", -     ," 773,230   ","-773,230   ", -     , -     
434320,"Etat, TVA récupérable/Achat"," 180,672   ", -     ," 180,672   ","-180,672   ", -     , -     
434330,TVA fourn étrangers,"-438,610,037   "," 234,820,682   "," 322,194,011   ","-87,373,329   ", -     ," 525,983,366   "
434400,Impots fournisseurs, -     ," 27,000   "," 27,000   ", -     , -     , -     
434420,Retenues/fact. honoraires,"-55,647,570   "," 109,973,829   "," 141,961,422   ","-31,987,593   ", -     ," 87,635,163   "
434500,"Taxes, timbres, enregistrement", 200   , -     , 200   ,-200   , -     , -     
434502,"Etat, Patente transport", -     ," 1,489,000   "," 1,489,000   ", -     , -     , -     
434600,IRVM,"-45,425,533   "," 50,361,795   "," 71,663,468   ","-21,301,673   ", -     ," 66,727,206   "
434601,IRC,"-156,662,635   "," 25,314,409   "," 14,156,057   "," 11,158,352   ", -     ," 145,504,283   "
438600,"Etat, charges a payer","-11,432,213   "," 11,432,213   "," 311,420,331   ","-299,988,118   ", -     ," 311,420,331   "
450010,Coordination viellesse TOGO,"-18,165,086   "," 19,493,096   "," 12,105,958   "," 7,387,138   ", -     ," 10,777,948   "
450020,Coordination viellesse SENEGAL,"-242,869,226   "," 249,934,194   "," 108,594,937   "," 141,339,257   ", -     ," 101,529,969   "
450030,oordination viellesse BENIN,"-54,525,125   "," 60,123,018   "," 41,085,702   "," 19,037,316   ", -     ," 35,487,809   "
450040,Coordination viellesse BURKINA,"-101,694,803   "," 219,959,504   "," 234,347,974   ","-14,388,470   ", -     ," 116,083,273   "
450060,Convention Franco / Ivoirienne,"-79,424,613   ", -     , -     , -     , -     ," 79,424,613   "
450080,Coordination allocat° familiale,"-2,734,538   "," 288,000   ", -     ," 288,000   ", -     ," 2,446,538   "
460000,Cotisations CNPS,"-1,112,904,768   "," 3,096,952,348   "," 2,587,454,201   "," 509,498,147   ", -     ," 603,406,621   "
460200,Cotisations CNAM, -     ," 3,887,000   "," 3,887,000   ", -     , -     , -     
461800,Prelèvement MUTREPCI à reverser," 45,590,227   "," 441,094,606   "," 508,678,374   ","-67,583,768   ", -     ," 21,993,541   "
461801,Prelèvement MAR-BICI à reverser," 2,458,493   "," 105,413,640   "," 126,079,003   ","-20,665,363   ", -     ," 18,206,870   "
461802,Prélèvement CMU à reverser," 49,000   "," 42,972,000   "," 47,076,000   ","-4,104,000   ", -     ," 4,055,000   "
461803,prelèvement  CMU Rente et Retra," 227,862,000   "," 2,380,365,000   "," 2,853,574,000   ","-473,209,000   ", -     ," 245,347,000   "
461804,CMU_CNPS Encaissements indus, -     ," 4,000   "," 6,065,000   ","-6,061,000   ", -     ," 6,061,000   "
462000,Creances sur cession d'immos,"-10,472,417   "," 33,623,562   "," 43,261,299   ","-9,637,737   ", -     ," 20,110,154   "
464000,Dettes -acquis valeurs immos,"-4,200   ", -     , -     , -     , -     ," 4,200   "
467010,Prêts immobilisés /Agents (+) u,"-22,700,000   "," 1,083,488,000   "," 1,057,788,000   "," 25,700,000   "," 3,000,000   ", -     
467020,Prêts immobilisés /Agents (-) u,"-8,545,000   "," 285,884,723   "," 298,129,723   ","-12,245,000   ", -     ," 20,790,000   "
467400,Erreurs sur reglts debiteurs, -     ," 125,000   "," 125,000   ", -     , -     , -     
467800,Debiteurs divers," 11,100,888,966   "," 42,407,998,122   "," 42,308,294,182   "," 99,703,940   "," 11,200,592,906   ", -     
467802,personnel sorti débiteur," 64,498,749   ", -     , -     , -     ," 64,498,749   ", -     
467803,debiteurs effets reçus à recouv,"-1,271,193   ", -     , -     , -     , -     ," 1,271,193   "
467805,"Personnel, uniforme CNPS", -     ," 159,000   "," 159,000   ", -     , -     , -     
467831,Formation CIFOCSS,"-4,860,000   ", -     , -     , -     , -     ," 4,860,000   "
467870,SGI IMPAXIS SECURITE, -     ," 514,790,411   "," 500,675,500   "," 14,114,911   "," 14,114,911   ", -     
467881,SGI HDSON&CIE," 153,695,645   "," 21,524,130,059   "," 20,589,081,673   "," 935,048,386   "," 1,088,744,031   ", -     
467882,SGI ATLANTIQUE FINANCE," 1,070,550,312   "," 13,044,392,884   "," 10,260,639,342   "," 2,783,753,542   "," 3,854,303,854   ", -     
467883,SGI AFRICAINE DE BOURSE, 327   ," 6,792,734,378   "," 6,673,469,794   "," 119,264,584   "," 119,264,911   ", -     
467884,SGI PHOENIX CAPITAL MANAGEMENT," 3,798,575,142   "," 28,640,262,712   "," 31,015,608,116   ","-2,375,345,404   "," 1,423,229,738   ", -     
467885,SGI BICI BOURSE,"-82,373,706   "," 2,471,533,006   "," 2,405,592,328   "," 65,940,678   ", -     ," 16,433,028   "
467886,SGI EDC INVESTMENT CORPORATION,"-15,863,179   "," 27,551,666,085   "," 27,535,802,906   "," 15,863,179   ", -     , -     
467887,SGI UBA GLOBAL INVESTOR SERVICE,"-48,082   "," 52,975,000   "," 52,975,000   ", -     , -     ," 48,082   "
467889,SGI BNI FINANCE,"-76,142   "," 24,841,481,493   "," 22,993,220,218   "," 1,848,261,275   "," 1,848,185,133   ", -     
467890,SGI SOGEBOURSE," 1,205,220,545   "," 9,717,330,570   "," 10,922,551,119   ","-1,205,220,549   ", -     , 4   
467891,SGI CORIS BOURSE,"-6,082,858   "," 7,805,670,578   "," 8,609,129,185   ","-803,458,607   ", -     ," 809,541,465   "
467892,SGI SIRIUS," 187,408,426   "," 6,973,425,274   "," 6,920,548,018   "," 52,877,256   "," 240,285,682   ", -     
467894,NSIA FINANCES," 1,273,677,601   "," 4,058,930,839   "," 4,965,045,187   ","-906,114,348   "," 367,563,253   ", -     
467895,BSIC CAPITAL," 130,894,000   "," 20,951,510,852   "," 20,873,818,179   "," 77,692,673   "," 208,586,673   ", -     
467896,BRIDGE SUCURITE,"-2,959,809   "," 2,499,500,000   "," 2,412,975,629   "," 86,524,371   "," 83,564,562   ", -     
467897,BOA SECURITE,"-1,155,880   "," 1,513,306,253   "," 1,513,005,907   "," 300,346   ", -     ," 855,534   "
467898,SGI AFRICA- BOURSE, -     ," 6,202,855,827   "," 6,195,276,666   "," 7,579,161   "," 7,579,161   ", -     
467899,SGI MAC AFRICAN,"-2,316,350   "," 11,660,000,000   "," 11,657,683,651   "," 2,316,349   ", -     , 1   
467900,A.I.S.S (bureau regional),"-52,978,481   "," 1,380,000   ", -     ," 1,380,000   ", -     ," 51,598,481   "
467901,Caisse du Bénin," 36,010,328   "," 205,174,535   "," 235,670,761   ","-30,496,226   "," 5,514,102   ", -     
467902,Caisse du Burkina-fasso," 1,038,665,529   "," 3,186,133,011   "," 165,834,487   "," 3,020,298,524   "," 4,058,964,053   ", -     
467903,Caisse du Mali," 727,990,843   "," 834,871,579   "," 154,704,788   "," 680,166,791   "," 1,408,157,634   ", -     
467904,Caisse du Niger," 141,641,823   "," 84,404,935   "," 15,031,850   "," 69,373,085   "," 211,014,908   ", -     
467905,Caisse du Sénégal," 539,422,686   "," 32,986,655   "," 563,201,968   ","-530,215,313   "," 9,207,373   ", -     
467906,Caisse du Togo," 4,704,482   "," 155,396,670   "," 155,123,273   "," 273,397   "," 4,977,879   ", -     
467910,AP- Sommes autres que rémun.,"-44,726,920   "," 1,802,431,895   "," 1,832,412,270   ","-29,980,375   ", -     ," 74,707,295   "
467911,GL- Indem / Mission,"-80,000   "," 15,000   ", -     ," 15,000   ", -     ," 65,000   "
467912,GL indemité fin de carrière NSI,"-571,523,562   "," 788,217   "," 61,921,020   ","-61,132,803   ", -     ," 632,656,365   "
467916,GL- Prime de stage,"-28,080,200   "," 201,300,000   "," 208,670,000   ","-7,370,000   ", -     ," 35,450,200   "
467917,GL- Bourse / CIFOCSS," 3,118,305   "," 24,252,659   "," 57,608,167   ","-33,355,508   ", -     ," 30,237,203   "
467918,avance sur loyers des élèves de," 6,390,755   "," 34,100,000   "," 426,000   "," 33,674,000   "," 40,064,755   ", -     
467919,Personnel Allocationsfamiliales,"-4,192,500   "," 35,015,000   "," 35,070,000   ","-55,000   ", -     ," 4,247,500   "
467920,AP- Autres crediteurs divers,"-6,356,343,909   "," 35,492,353,625   "," 29,539,254,007   "," 5,953,099,618   ", -     ," 403,244,291   "
467921,AP- Indem.Administrateurs,"-5,850,000   "," 255,100,025   "," 426,810,024   ","-171,709,999   ", -     ," 177,559,999   "
467922,Imdem administrateurs," 18,500,000   "," 73,411,765   "," 73,411,765   ", -     ," 18,500,000   ", -     
467923,AP- Prime de stage," 100,000   "," 54,425,000   "," 54,515,000   ","-90,000   "," 10,000   ", -     
467925,frais Honoraires,"-4,654,964   "," 11,000,242   "," 6,889,265   "," 4,110,977   ", -     ," 543,987   "
467926,Paiements Par compassation," 246,209,960   "," 2,334,310,510   "," 2,851,507,646   ","-517,197,136   ", -     ," 270,987,176   "
467927,GL- Créditeurs divers,"-37,408,473   "," 557,484,679   "," 568,676,727   ","-11,192,048   ", -     ," 48,600,521   "
467929,Ministère de tutelle, -     ," 1,898,441,922   "," 1,901,441,922   ","-3,000,000   ", -     ," 3,000,000   "
467931,Bénin-Presta à regulariser,"-36,010,328   "," 235,670,761   "," 205,174,535   "," 30,496,226   ", -     ," 5,514,102   "
467932,Burkina-Presta à regulariser,"-1,038,665,529   "," 165,834,487   "," 3,186,133,011   ","-3,020,298,524   ", -     ," 4,058,964,053   "
467933,Mali-Presta à regulariser,"-727,990,843   "," 154,704,788   "," 834,871,579   ","-680,166,791   ", -     ," 1,408,157,634   "
467934,Niger-Presta à regulariser,"-141,641,823   "," 15,031,850   "," 84,404,935   ","-69,373,085   ", -     ," 211,014,908   "
467935,Sénégal-Presta à regulariser,"-539,422,686   "," 563,201,968   "," 32,986,655   "," 530,215,313   ", -     ," 9,207,373   "
467936,Togo-Presta à regulariser,"-4,704,482   "," 155,123,273   "," 155,396,670   ","-273,397   ", -     ," 4,977,879   "
467940,Rembourssement Frais medicaux a," 74,344,804   "," 8,808,253   ", -     ," 8,808,253   "," 83,153,057   ", -     
467950,Assurance mal du pers,"-68,822,381   "," 940,035,405   "," 1,111,183,128   ","-171,147,723   ", -     ," 239,970,104   "
467955,Subvention Assurance Maladie Re,"-368,157,352   "," 193,249,125   ","-79,014,875   "," 272,264,000   ", -     ," 95,893,352   "
467970,Assurance maladie eleves etrang, -     ," 101,098,510   "," 101,098,510   ", -     , -     , -     
468700,Produits a recevoir," 1,152,906,505   "," 1,467,906,814   "," 1,327,401,196   "," 140,505,618   "," 1,293,412,123   ", -     
470800,Compte de lettrage sur encaisse," 4,522,253   "," 41,139,635,868   "," 41,144,158,121   ","-4,522,253   ", -     , -     
470801,Compte de lettrage sur encaisse, -     ," 88,000,824   "," 88,000,824   ", -     , -     , -     
472100,Depenses regies a regulariser,"-25,000   "," 25,000   ", -     ," 25,000   ", -     , -     
472110,AP- Demande de fonds a regulari," 461,217,113   "," 2,210,464,865   "," 1,928,874,300   "," 281,590,565   "," 742,807,678   ", -     
472115,AP- Régul des demandes de fonds,"-173,423,008   "," 4,359,738,920   "," 4,394,094,984   ","-34,356,064   ", -     ," 207,779,072   "
472875,Frais divers a regulariser,"-973,291   ", -     , -     , -     , -     ," 973,291   "
474000,Cotisations a ventiler,"-4,159,535,059   "," 6,072,501,549   "," 6,260,564,576   ","-188,063,027   ", -     ," 4,347,598,086   "
475050,Prestations a ventiler,"-80,553,049   ", -     , -     , -     , -     ," 80,553,049   "
478000,Conpte de regul actif," 142,873,308   "," 2,358,674   "," 101,685,566   ","-99,326,892   "," 43,546,416   ", -     
478010,Cpte de liaison Impots sur IJ/A, -     ," 1,140,406,963   "," 1,140,406,963   ", -     , -     , -     
478020,Cpte de liaison impots sur Retr, -     ," 2,810,327,003   "," 2,810,327,003   ", -     , -     , -     
478100,Cpte de liaison Abj-Plateau,"-444,986,699   "," 30,319,469,063   "," 29,495,502,539   "," 823,966,524   "," 378,979,825   ", -     
478101,Cpte de liaison Abj-Treichville,"-5,272,333,030   "," 46,988,589,726   "," 44,736,941,323   "," 2,251,648,403   ", -     ," 3,020,684,627   "
478102,Cpte de liaison Abj-Adjamé," 148,684,586   "," 5,953,316,419   "," 5,896,731,010   "," 56,585,409   "," 205,269,995   ", -     
478103,Cpte de liaison Abj-Yopougon," 207,192,712   "," 16,736,626,477   "," 16,583,955,787   "," 152,670,690   "," 359,863,402   ", -     
478104,Cpte de liaison Abj-Abobo," 97,009,479   "," 9,159,076,367   "," 9,245,721,298   ","-86,644,931   "," 10,364,548   ", -     
478105,Cpte de liaison Abj-Koumassi," 621,867,178   "," 13,205,077,987   "," 13,213,066,417   ","-7,988,430   "," 613,878,748   ", -     
478106,Cpte de liaison Abj-Cocody,"-2,477,334,069   "," 21,560,571,868   "," 21,466,860,404   "," 93,711,464   ", -     ," 2,383,622,605   "
478107,Cpte de liaison Abj-Prest ext," 332,601,920   "," 6,813,153,606   "," 5,588,874,681   "," 1,224,278,925   "," 1,556,880,845   ", -     
478200,Cpte de liaison Abj-Bonoua," 27,144,907   "," 1,298,912,703   "," 1,307,768,257   ","-8,855,554   "," 18,289,353   ", -     
478300,Cpte de liaison Abj-Divo," 14,911,697   "," 1,176,182,728   "," 1,175,896,794   "," 285,934   "," 15,197,631   ", -     
478400,Cpte de liaison Abj-DRCN Bké,"-67,213,643   "," 6,901,720,609   "," 7,156,838,905   ","-255,118,296   ", -     ," 322,331,939   "
478401,Cpte de liaison Siege-Agence Bk, -     ," 6,478,199,768   "," 6,478,370,384   ","-170,616   ", -     ," 170,616   "
478402,Cpte de liaison Siege-Agence Ko, -     ," 1,565,127,394   "," 1,595,379,015   ","-30,251,621   ", -     ," 30,251,621   "
478403,Cpte de liaison Siege-Agence Ya," 288,900,836   "," 4,822,499,787   "," 4,863,690,548   ","-41,190,761   "," 247,710,075   ", -     
478501,Cpte de liaison Siege-Agence Da," 109,132,775   "," 4,544,226,976   "," 4,512,274,924   "," 31,952,052   "," 141,084,827   ", -     
478502,Cpte de liaison Siege-Agence Ga," 122,098,834   "," 1,955,636,361   "," 1,994,203,689   ","-38,567,328   "," 83,531,506   ", -     
478503,Cpte de liaison Siege-Agence Gu, -     ," 442,865,105   "," 442,865,105   ", -     , -     , -     
478504,Cpte de liaison Siege-Agence Ma, -     ," 827,608,059   "," 746,709,345   "," 80,898,714   "," 80,898,714   ", -     
478505,Cpte de liaison Siege-Agence Od, -     ," 122,766,717   "," 136,699,293   ","-13,932,576   ", -     ," 13,932,576   "
478506,Cpte de liaison Siege-Agence Sa," 56,797,489   "," 2,906,112,452   "," 2,903,708,954   "," 2,403,498   "," 59,200,987   ", -     
478601,Cpte de liaison Siege-Agence Ab," 123,519,904   "," 2,049,173,660   "," 2,101,012,461   ","-51,838,801   "," 71,681,103   ", -     
478602,Cpte de liaison Siege-Agence Ag," 4,311,698   "," 1,367,862,369   "," 1,367,863,586   ","-1,217   "," 4,310,481   ", -     
478603,Cpte de liaison Siege-Agence Bo,"-5,990,825   "," 95,974,918   "," 89,984,093   "," 5,990,825   ", -     , -     
478800,Cpte de liaison RN / RSTI, -     ," 42,000   ", -     ," 42,000   "," 42,000   ", -     
478805,Cpte liaison paiements déplacés," 2,425,659   "," 423,304,826   "," 264,597,944   "," 158,706,882   "," 161,132,541   ", -     
479020,FA Logiciels (Lettrage), -     ," 6,317,088,967   "," 6,317,088,967   ", -     , -     , -     
479030,FA Terrains (Lettrage), -     ," 26,549,349,440   "," 26,549,349,440   ", -     , -     , -     
479040,FA Constructions (Lettrage)," 10,057,002   "," 8,242,183,904   "," 8,289,464,150   ","-47,280,246   ", -     ," 37,223,244   "
479050,FA Mat. et mob. de bureaux (Let," 15,466,260   "," 1,179,775,178   "," 1,194,301,937   ","-14,526,759   "," 939,501   ", -     
479060,FA Mat. et mob. techniques (Let, -     ," 1,689,994   "," 1,689,994   ", -     , -     , -     
479070,FA Matériels de transport (Lett, -     ," 752,382,000   "," 732,478,000   "," 19,904,000   "," 19,904,000   ", -     
484000,Régul cotisations Administrat°,"-1,832,711,062   ", -     ," 5,884,005,669   ","-5,884,005,669   ", -     ," 7,716,716,731   "
486000,Charges constatees d'avance," 89,165,394   "," 85,976,530   "," 66,131,732   "," 19,844,798   "," 109,010,192   ", -     
487000,Produits constates d'avance,"-32,538,498   "," 150,044,258   "," 233,743,442   ","-83,699,184   ", -     ," 116,237,682   "
490170,Provisions pour dépréciation fi, -     ," 691,691,289   "," 6,015,175,894   ","-5,323,484,605   ", -     ," 5,323,484,605   "
490570,Provisions acompte sur prestati, -     , -     ," 247,102,053   ","-247,102,053   ", -     ," 247,102,053   "
490580,Provisions  sur prestations ind, -     , -     ," 96,389,171   ","-96,389,171   ", -     ," 96,389,171   "
491000,Provis depre cptes locataires,"-3,742,710,087   ", -     ," 8,341,438   ","-8,341,438   ", -     ," 3,751,051,525   "
491500,Provis depre cptes cotisants,"-294,469,143,081   ", -     ," 46,178,883,418   ","-46,178,883,418   ", -     ," 340,648,026,499   "
496100,Provision pour depreciation des,"-2,441,417,878   "," 2,406,417,878   ", -     ," 2,406,417,878   ", -     ," 35,000,000   "
496780,Provision pour dépréciation fin,"-691,691,289   "," 691,691,289   ", -     ," 691,691,289   ", -     , -     
497211,Provision sur demande de fonds,"-8,456,675   "," 8,456,675   ", -     ," 8,456,675   ", -     , -     
523110,Aquisition (OPCVM) Organisme Pl," 40,320,229,502   ", -     ," 2,000,000,000   ","-2,000,000,000   "," 38,320,229,502   ", -     
540000,Effets a recevoir," 2,460,171,104   "," 682,595,634   "," 1,579,112,432   ","-896,516,798   "," 1,563,654,306   ", -     
540100,Effets remis a l'encaissement," 130,136,130   "," 1,490,692,029   "," 1,602,263,372   ","-111,571,343   "," 18,564,787   ", -     
547000,Effets impayes, -     ," 121,919,343   "," 121,919,343   ", -     , -     , -     
547100,Frais sur effets impayes," 90,900   "," 1,415,491   "," 1,134,191   "," 281,300   "," 372,200   ", -     
552000,Cheques a encaisser," 51,648,435   "," 5,091,085,617   "," 5,092,192,920   ","-1,107,303   "," 50,541,132   ", -     
553100,ORANGE MONEY PPI, -     ," 33,810,088   ", -     ," 33,810,088   "," 33,810,088   ", -     
553102,MTN MONEY PPI, -     ," 297,608,472   "," 267,255   "," 297,341,217   "," 297,341,217   ", -     
557000,Cheques impayes, -     ," 10,555,980   "," 10,555,980   ", -     , -     , -     
557100,Frais sur cheques impayes," 6,487,490   "," 18,600,799   "," 17,057,305   "," 1,543,494   "," 8,030,984   ", -     
560020,SGCI  DAT Abidjan," 6,000,000,000   ", -     , -     , -     ," 6,000,000,000   ", -     
560030,SGCI Dépenses Adzope, -     ," 40,000   "," 40,000   ", -     , -     , -     
560290,SGCI compte courant Abengourou," 153,218,661   "," 19,707,525   "," 510,550   "," 19,196,975   "," 172,415,636   ", -     
560400,SGCI Recette PPI,"-153,935,870   "," 15,988,863,716   "," 16,378,333,031   ","-389,469,315   ", -     ," 543,405,185   "
560500,SGCI Compte courant Abidjan," 648,787,858   "," 17,353,451,990   "," 16,170,222,838   "," 1,183,229,152   "," 1,832,017,010   ", -     
560501,SGCI recette AGBOVILLE,"-15,652,967   "," 630,189,724   "," 608,784,461   "," 21,405,263   "," 5,752,296   ", -     
560502,SGCI dépense AGBOVILLE," 47,496,323   "," 242,649,655   "," 230,643,802   "," 12,005,853   "," 59,502,176   ", -     
560506,SGCI sous comptes prêts," 1,447,000   "," 2,892,833,192   "," 1,394,280,192   "," 1,498,553,000   "," 1,500,000,000   ", -     
561500,BICICI Compte courant Abidjan," 152,387,932   "," 507,844,142   "," 559,548,804   ","-51,704,662   "," 100,683,270   ", -     
562330,NSIA Recette BONOUA," 54,281,204   "," 2,569,405,539   "," 2,618,517,859   ","-49,112,320   "," 5,168,884   ", -     
562500,NSIA Compte courant Abidjan," 4,365,770,279   "," 97,253,469,747   "," 96,554,251,995   "," 699,217,752   "," 5,064,988,031   ", -     
562501,NSIA Compte Titres," 801,194,434   "," 435,491,205   "," 1,030,362,522   ","-594,871,317   "," 206,323,117   ", -     
562502,NSIA Projets Immobiliers," 20,969,920   ", -     , -     , -     ," 20,969,920   ", -     
562503,NSIA DAT Abidjan," 5,526,000,000   "," 5,000,000,000   "," 3,500,000,000   "," 1,500,000,000   "," 7,026,000,000   ", -     
562504,NSIA Recette Easy Collect,"-1,705,519,442   "," 11,482,520,023   "," 10,183,083,870   "," 1,299,436,153   ", -     ," 406,083,289   "
562510,NSIA Recette Abobo," 213,754,157   "," 5,296,546   ", -     ," 5,296,546   "," 219,050,703   ", -     
562511,NSIA Depense Abobo," 120,437,036   "," 930,884,367   "," 910,807,241   "," 20,077,126   "," 140,514,162   ", -     
562520,NSIA Recette Plateau," 121,212,079   "," 70,809,566,347   "," 69,714,007,460   "," 1,095,558,887   "," 1,216,770,966   ", -     
562550,NSIA Depense Treichville," 291,150,120   "," 5,611,145,000   "," 5,366,429,750   "," 244,715,250   "," 535,865,370   ", -     
562580,NSIA Recette Divo,"-21,507,207   "," 4,119,392,271   "," 4,071,981,361   "," 47,410,910   "," 25,903,703   ", -     
562581,NSIA Depense Divo," 51,442,407   "," 355,390,442   "," 391,236,579   ","-35,846,137   "," 15,596,270   ", -     
562600,NSIA Recette Abengourou,"-86,686,622   "," 2,702,166,403   "," 2,601,056,588   "," 101,109,815   "," 14,423,193   ", -     
562602,NSIA Depense Abengourou," 85,683,375   "," 442,647,581   "," 446,983,090   ","-4,335,509   "," 81,347,866   ", -     
562710,NSIA Recette Bouaké," 19,234,294   ", -     , -     , -     ," 19,234,294   ", -     
562711,NSIA Dépense Bouaké," 243,729,499   "," 672,331,920   "," 747,771,671   ","-75,439,751   "," 168,289,748   ", -     
562720,NSIA Recette Yamoussokro," 64,684,073   "," 4,896,066,587   "," 4,899,755,959   ","-3,689,372   "," 60,994,701   ", -     
562721,NSIA Depense Yamoussokro," 27,764,241   "," 505,911,205   "," 494,079,779   "," 11,831,426   "," 39,595,667   ", -     
562801,NSIA Recette Daloa Siège,"-50,442,218   "," 3,691,965,990   "," 3,569,574,975   "," 122,391,015   "," 71,948,797   ", -     
562802,NSIA Depense Daloa Agence," 83,370,783   "," 886,981,655   "," 932,393,356   ","-45,411,701   "," 37,959,082   ", -     
562810,NSIA Recette Gagnoa,"-63,506,538   "," 1,492,640,574   "," 1,425,983,975   "," 66,656,599   "," 3,150,061   ", -     
562811,NSIA Depense Gagnoa," 29,213,223   "," 285,795,417   "," 294,783,258   ","-8,987,841   "," 20,225,382   ", -     
562900,NSIA Dépense APPEX," 570,376,933   "," 6,575,224,847   "," 6,934,412,126   ","-359,187,279   "," 211,189,654   ", -     
563500,SIB Compte courant Abidjan," 922,621,639   "," 72,040,931,056   "," 68,136,363,729   "," 3,904,567,327   "," 4,827,188,966   ", -     
563520,SIB Depense Adjamé," 68,090,527   "," 807,468,820   "," 764,276,608   "," 43,192,212   "," 111,282,739   ", -     
563531,SIB Depense Koumassi," 195,091,165   "," 5,979,478,082   "," 5,900,965,824   "," 78,512,258   "," 273,603,423   ", -     
563541,SIB Depense Plateau," 156,567,481   "," 3,147,963,065   "," 3,148,679,795   ","-716,730   "," 155,850,751   ", -     
563550,SIB Recettes Cocody,"-822,653,431   "," 66,760,597,674   "," 65,867,783,485   "," 892,814,189   "," 70,160,758   ", -     
563551,SIB Dépenses Cocody," 273,229,597   "," 2,695,777,084   "," 2,740,510,971   ","-44,733,887   "," 228,495,710   ", -     
563600,SIB Recette BOUAKE," 2,097,814,692   "," 3,908,719,097   "," 5,429,460,658   ","-1,520,741,561   "," 577,073,131   ", -     
563850,SIB Recette San-pédro," 102,248,687   "," 7,915,213   "," 81,808,339   ","-73,893,126   "," 28,355,561   ", -     
563851,SIB Depense San-pédro," 85,527,845   "," 1,001,770,793   "," 1,023,775,322   ","-22,004,529   "," 63,523,316   ", -     
563900,SIB COMPTE COURANT WARI,"-35,806,700   "," 35,806,700   ", -     ," 35,806,700   ", -     , -     
565000,BNI c.c Abidjan (Ancien CAA )," 213,430,542   "," 46,771,861,675   "," 47,059,225,656   ","-287,363,981   ", -     ," 73,933,439   "
565002,BNI GESTION PLACEMENT," 3,642   ", -     , -     , -     ," 3,642   ", -     
565050,AFRILAND FIRST BANK DAT 2014," 4,000,000,000   "," 2,000,000,000   ", -     ," 2,000,000,000   "," 6,000,000,000   ", -     
565201,BNI Depenses BONOUA," 128,959,613   "," 174,841,754   "," 271,454,625   ","-96,612,871   "," 32,346,742   ", -     
565302,BNI Recettes Yopougon," 7,353,514   "," 267,602   "," 7,621,116   ","-7,353,514   ", -     , -     
565303,BNI Depenses Yopougon," 220,749,386   "," 2,728,419,799   "," 2,822,611,056   ","-94,191,257   "," 126,558,129   ", -     
565400,BNI Recettes Koumassi," 18,279,943   ", -     , -     , -     ," 18,279,943   ", -     
565500,BNI Recette PPI," 318,459,101   "," 3,763,206,755   "," 4,152,045,632   ","-388,838,877   ", -     ," 70,379,776   "
566500,BNP PARIS Compte courant, -     ," 6,366,037,632   "," 6,357,496,795   "," 8,540,837   "," 8,540,837   ", -     
567070,ECOBANK C/C Abidjan ( 565960 )," 2,447,653,809   "," 102,549,640,194   "," 105,962,609,082   ","-3,412,968,888   ", -     ," 965,315,079   "
567074,ECOBANK COLLECT,"-1,183,978,862   "," 206,913,866   ","-977,064,996   "," 1,183,978,862   ", -     , -     
567075,ECOBANK  PRESTATIONS CIV," 221,269,070   "," 42,220,919   "," 242,997,133   ","-200,776,214   "," 20,492,856   ", -     
567076,ECOBANK  RECETTE PPI," 1,609,186,399   "," 15,381,970,629   "," 16,934,568,085   ","-1,552,597,456   "," 56,588,943   ", -     
567082,Ecobank Recette Treichville," 3,149,296,334   "," 71,399,985,198   "," 73,850,310,128   ","-2,450,324,930   "," 698,971,404   ", -     
567086,Ecobank Prestation APPEX," 82,961,858   "," 504,924,990   "," 534,012,303   ","-29,087,313   "," 53,874,545   ", -     
567175,B H C I DAT," 7,249,103,938   "," 6,500,000,000   "," 7,209,990,909   ","-709,990,909   "," 6,539,113,029   ", -     
567185,BOA Recette PPI, -     ," 1,039,296,473   "," 267,877   "," 1,039,028,596   "," 1,039,028,596   ", -     
567187,BDA Recette PPI, -     ," 956,756   ", -     ," 956,756   "," 956,756   ", -     
567251,BSIC CC," 784,836   "," 6,390,659,508   "," 6,359,750,522   "," 30,908,986   "," 31,693,822   ", -     
567252,BSIC-CI DAT 2015," 6,999,975,800   "," 1,000,000,000   "," 5,999,975,800   ","-4,999,975,800   "," 2,000,000,000   ", -     
567255,DAT COFINA, -     ," 1,000,000,000   ", -     ," 1,000,000,000   "," 1,000,000,000   ", -     
567300,BRIDGE BANK," 708,304,307   "," 20,099,906,335   "," 20,253,803,397   ","-153,897,062   "," 554,407,245   ", -     
567301,DAT BRIDGE BANK 2016," 12,000,000,000   "," 2,000,000,000   "," 3,000,000,000   ","-1,000,000,000   "," 11,000,000,000   ", -     
567302,BACI C/C Projet Immob," 378,631,961   "," 600,000,000   "," 449,688,448   "," 150,311,552   "," 528,943,513   ", -     
567303,BRIDGE BANK Cpte de réserve cré," 2,600,000,000   ", -     ," 1,500,000,000   ","-1,500,000,000   "," 1,100,000,000   ", -     
567310,BRIDGE BANK RECETTES ABOBO," 432,432,218   "," 10,792,816,823   "," 10,991,546,562   ","-198,729,739   "," 233,702,479   ", -     
567315,BRIDGE BANK RECETTE PPI," 33,087,627   "," 1,912,662,940   "," 2,046,523,457   ","-133,860,517   ", -     ," 100,772,890   "
567360,BRIDGE BANQUE Recettes Yopougon,"-4,624,101   "," 90,541,264   "," 85,917,163   "," 4,624,101   ", -     , -     
567400,DAT DIAMONDBANK," 1,000,000,000   "," 1,000,000,000   "," 1,000,000,000   ", -     ," 1,000,000,000   ", -     
567401,DIAMONDBANK C/C," 205,921,271   "," 1,104,664,132   "," 1,001,021,243   "," 103,642,889   "," 309,564,160   ", -     
567405,UBA COMPTE COURANT," 4,926,156,742   "," 64,094,640,237   "," 62,925,811,783   "," 1,168,828,454   "," 6,094,985,196   ", -     
567406,UBA RECETTE PPI," 290,369,784   "," 552,326,284   ", -     ," 552,326,284   "," 842,696,068   ", -     
567410,D.A.T UBA," 5,700,000,000   ", -     , -     , -     ," 5,700,000,000   ", -     
567420,UBA Recette ADJAME,"-7,609,661   "," 8,034,638,693   "," 7,988,939,790   "," 45,698,903   "," 38,089,242   ", -     
567421,UBA Recette Sanpedro,"-19,349,758   "," 7,557,021,911   "," 7,516,649,998   "," 40,371,913   "," 21,022,155   ", -     
567422,UBA Recette KOUMASSI," 1,299,975,730   "," 48,460,768,393   "," 48,786,422,112   ","-325,653,719   "," 974,322,011   ", -     
567425,BAOBAB Compte courant, -     ," 524,468,750   ", -     ," 524,468,750   "," 524,468,750   ", -     
567500,CITIBANK Compte courant Abidjan," 11,437,155   "," 100,651,632,814   "," 99,992,047,487   "," 659,585,327   "," 671,022,482   ", -     
567506,CITIBANK Recettes ABOBO,"-17,601,737   "," 17,601,737   ", -     ," 17,601,737   ", -     , -     
567521,BGFI BANK," 2,499,978,000   "," 4,000,000,000   "," 6,276,071,664   ","-2,276,071,664   "," 223,906,336   ", -     
567522,DAT BGFI, -     ," 7,500,000,000   ", -     ," 7,500,000,000   "," 7,500,000,000   ", -     
567524,DAT ORABANK," 2,000,000,000   ", -     , -     , -     ," 2,000,000,000   ", -     
567526,DAT BRM CI," 2,000,000,000   "," 1,000,000,000   ", -     ," 1,000,000,000   "," 3,000,000,000   ", -     
567527,BACI RECETTE ODIENNE, -     ," 166,764,596   "," 67,040,328   "," 99,724,268   "," 99,724,268   ", -     
567528,BACI DEPENSE ODIENNE, -     ," 57,649,000   "," 39,545,128   "," 18,103,872   "," 18,103,872   ", -     
567529,BACI RECETTE YOPOUGON," 855,131,404   "," 22,340,646,884   "," 22,936,810,122   ","-596,163,238   "," 258,968,166   ", -     
567531,B.A.C.I  C/C (Banque Atlantique," 1,616,218,084   "," 54,042,977,927   "," 52,895,109,702   "," 1,147,868,225   "," 2,764,086,309   ", -     
567532,B.A.C.I  Recette ABENGOUROU," 53,298,548   ", -     , -     , -     ," 53,298,548   ", -     
567534,DAT B.A.C.I 2014  (Banque Atlan," 6,000,000,000   ", -     ," 6,000,000,000   ","-6,000,000,000   ", -     , -     
567536,BACI DEPENSES KORHOGO," 124,598,303   "," 449,885,266   "," 554,179,381   ","-104,294,115   "," 20,304,188   ", -     
567537,BACI RECETTE KORHOGO," 54,351,425   "," 5,854,864,938   "," 5,781,548,860   "," 73,316,078   "," 127,667,503   ", -     
567538,BACI DOMICILIATION PRET," 1,000,001   ", -     , -     , -     ," 1,000,001   ", -     
567539,BACI RECETTE PPI," 460,770   "," 260,348,914   ", -     ," 260,348,914   "," 260,809,684   ", -     
567545,DAT MANSA BANK," 9,000,000,000   ", -     ," 2,000,000,000   ","-2,000,000,000   "," 7,000,000,000   ", -     
567552,Standart Chartered BANK C/C 006," 1,665,994,511   ","-498,310,246   "," 379,500   ","-498,689,746   "," 1,167,304,765   ", -     
567555,CORIS BANK DAT 2015," 5,500,000,000   "," 5,500,000,000   "," 5,500,000,000   ", -     ," 5,500,000,000   ", -     
567556,CORIS BANK C/C," 138,092,343   "," 19,054,237,279   "," 18,595,654,324   "," 458,582,955   "," 596,675,298   ", -     
567561,UBS.SA-Genève,"-8,248,697   ", -     , -     , -     , -     ," 8,248,697   "
567570,BHCI Compte Courant," 265,939,307   "," 9,332,044,605   "," 7,500,055,000   "," 1,831,989,605   "," 2,097,928,912   ", -     
567571,DAT WITTI FINANCES," 1,000,000,000   "," 6,000,000,000   ", -     ," 6,000,000,000   "," 7,000,000,000   ", -     
567572,DAT BANQUE POPULAIRE CI," 1,000,000,000   ", -     , -     , -     ," 1,000,000,000   ", -     
567573,BHCI Recette PPI," 98,318,799   "," 316,709,236   "," 302,148   "," 316,407,088   "," 414,725,887   ", -     
567580,Versus Bank C/C 2004," 1,339,308,168   "," 7,020,529,851   "," 6,655,486,963   "," 365,042,888   "," 1,704,351,056   ", -     
567581,DAT Versus Bank 2004," 6,000,000,000   ", -     , -     , -     ," 6,000,000,000   ", -     
567585,Versus Bank Recette PPI, -     , 200   , -     , 200   , 200   , -     
567700,DAT CTI ( Compagnie Transnation," 7,000,000,000   ", -     ," 1,000,000,000   ","-1,000,000,000   "," 6,000,000,000   ", -     
567701,DAT MICROCRED COTE D'IVOIRE," 500,000,000   ", -     ," 500,000,000   ","-500,000,000   ", -     , -     
567702,DAT BANQUE D'ABIDJAN (BDA-CI)," 1,500,000,000   ", -     , -     , -     ," 1,500,000,000   ", -     
567703,DAT BGFI-BANQUE," 3,500,000,000   ","-3,500,000,000   ", -     ,"-3,500,000,000   ", -     , -     
567706,BDU_CI DAT  2017," 8,000,000,000   ", -     ," 2,000,000,000   ","-2,000,000,000   "," 6,000,000,000   ", -     
567800,DAT Caisse des Depots et Consig," 8,000,000,000   "," 2,000,000,000   ", -     ," 2,000,000,000   "," 10,000,000,000   ", -     
568402,UBA REVENUS TITRES," 8,625,655,875   "," 54,203,420,017   "," 61,526,518,274   ","-7,323,098,257   "," 1,302,557,618   ", -     
568560,CORIS BANK COMPTE SEQUESTRE," 1,500,000,000   ", -     ," 1,500,000,000   ","-1,500,000,000   ", -     , -     
568562,UBA _RESERVES SEQUESTRE (DSRA)," 2,700,000,000   ", -     , -     , -     ," 2,700,000,000   ", -     
568900,Saisie Avis à tiers détenteurs," 395,776,624   "," 374,565,179   ", -     ," 374,565,179   "," 770,341,803   ", -     
570000,Caisse du Siege Equateur," 6,596,029   "," 558,433,430   "," 561,609,292   ","-3,175,862   "," 3,420,167   ", -     
580000,Virements de fonds, -     ," 297,657,173,096   "," 297,657,173,096   ", -     , -     , -     
580100,Virst-fonds siège-plateau, -     ," 66,931,889,118   "," 66,931,889,118   ", -     , -     , -     
580101,Virts-fonds siège-treichville, -     ," 77,199,000,000   "," 77,199,000,000   ", -     , -     , -     
580102,Virts-fonds siège-adjamé, -     ," 8,477,062,941   "," 8,477,062,941   ", -     , -     , -     
580103,Virts-fonds siège-yopougon, -     ," 24,917,598,516   "," 24,917,598,516   ", -     , -     , -     
580104,Virts-fonds siège-abobo, -     ," 11,562,605,565   "," 11,562,605,565   ", -     , -     , -     
580105,Virts-fonds siège- koumassi, -     ," 53,437,000,000   "," 53,437,000,000   ", -     , -     , -     
580106,Virements Siège-Cocody, -     ," 67,051,367,118   "," 67,051,367,118   ", -     , -     , -     
580107,Virements Siège-pest ext, -     ," 8,117,012,661   "," 8,117,012,661   ", -     , -     , -     
580200,Virts-fonds siège-bonoua, -     ," 2,727,075,708   "," 2,712,075,708   "," 15,000,000   "," 15,000,000   ", -     
580300,Virts-fonds siège- divo, -     ," 4,432,407,750   "," 4,378,407,750   "," 54,000,000   "," 54,000,000   ", -     
580400,Virts- abj-Bké (siege & Ag)," 103,590   "," 5,668,915,993   "," 5,669,019,583   ","-103,590   ", -     , -     
580401,Virts- Abidjan-Agence Odienne (, -     ," 57,405,000   "," 57,405,000   ", -     , -     , -     
580402,Virts- Abidjan-Agence Korhogo, -     ," 6,176,007,011   "," 6,126,007,011   "," 50,000,000   "," 50,000,000   ", -     
580403,Virts- Abidjan-Agence Yakro," 5,100   "," 5,134,112,291   "," 5,134,117,391   ","-5,100   ", -     , -     
580501,Virts- Abidjan-Agence Daloa, -     ," 4,185,712,793   "," 4,099,712,793   "," 86,000,000   "," 86,000,000   ", -     
580502,Virts- Abidjan-Agence Gagnoa," 95,800   "," 1,693,820,417   "," 1,662,916,217   "," 30,904,200   "," 31,000,000   ", -     
580506,Virts- Abidjan-Agence San pedro, -     ," 8,247,823,118   "," 8,247,823,118   ", -     , -     , -     
580601,Virts- Abidjan-Agence Abengouro, -     ," 2,840,291,895   "," 2,840,291,895   ", -     , -     , -     
580602,Virts- Abidjan-Agence Agboville, -     ," 803,528,501   "," 803,528,501   ", -     , -     , -     
590810,Provis/depret°des cptes bancair, -     ," 574,918,520   "," 574,918,520   ", -     , -     , -     
592310,Dépréciations financières OPCVM,"-2,202,835,703   "," 173,020,455   ", -     ," 173,020,455   ", -     ," 2,029,815,248   "
596100,Provision pour dépreciation des,"-4,473,799,044   "," 4,473,807,044   "," 3,650,076,006   "," 823,731,038   ", -     ," 3,650,068,006   "
601100,Allocations prenatales, -     ," 96,625,500   "," 45,000   "," 96,580,500   "," 96,580,500   ", -     
601200,Allocations de maternite, -     ," 54,988,500   "," 18,000   "," 54,970,500   "," 54,970,500   ", -     
601300,Allocations Familiales, -     ," 7,323,787,500   "," 790,000   "," 7,322,997,500   "," 7,322,997,500   ", -     
601700,Alloca au foyer du travailleur, -     ," 3,636,000   ", -     ," 3,636,000   "," 3,636,000   ", -     
602110,Indemn jour d'incapacite, -     ," 599,906,368   "," 1,450,199   "," 598,456,169   "," 598,456,169   ", -     
602130,Rentes aux assures, -     ," 2,196,491,101   "," 57,673,540   "," 2,138,817,561   "," 2,138,817,561   ", -     
602140,Rentes aux survivants, -     ," 553,667,722   "," 2,397,577   "," 551,270,145   "," 551,270,145   ", -     
602150,Rachat de Rentes, -     ," 1,220,257,042   "," 23,535,104   "," 1,196,721,938   "," 1,196,721,938   ", -     
602160,Soins medicaux AT, -     ," 2,133,737,000   "," 110,000   "," 2,133,627,000   "," 2,133,627,000   ", -     
602161,"Frais d'analyses, d'expertises", -     ," 4,619,328,973   "," 869,587   "," 4,618,459,386   "," 4,618,459,386   ", -     
602165,Prothese fourniture fabricat°, -     ," 434,219,173   "," 10,095,840   "," 424,123,333   "," 424,123,333   ", -     
602170,Frais de transport, -     ," 714,557,400   "," 2,500   "," 714,554,900   "," 714,554,900   ", -     
602190,Autres charges techniques, -     ," 1,204,700   ", -     ," 1,204,700   "," 1,204,700   ", -     
602220,Frais d'animation propagande, -     ," 29,201,495   ", -     ," 29,201,495   "," 29,201,495   ", -     
602240,"Cours, conference et projection", -     ," 34,774,012   "," 1,870,000   "," 32,904,012   "," 32,904,012   ", -     
602260,Analyses et fournitures de labo, -     ," 189,139   ", -     ," 189,139   "," 189,139   ", -     
602270,Publication technique a l'usage, -     ," 17,679,350   ", -     ," 17,679,350   "," 17,679,350   ", -     
603100,Pension de vieillesse, -     ," 155,033,342,816   "," 18,589,417,042   "," 136,443,925,774   "," 136,443,925,774   ", -     
603120,Pension de solidarite, -     ," 26,191,337   "," 2,265,743   "," 23,925,594   "," 23,925,594   ", -     
603200,Allocation de vieillesse, -     ," 2,308,861,912   "," 259,524,393   "," 2,049,337,519   "," 2,049,337,519   ", -     
603300,Pension d'invalidité, -     ," 765,724,351   "," 95,845,871   "," 669,878,480   "," 669,878,480   ", -     
603400,Pension des survivants, -     ," 21,281,793,442   "," 1,899,787,561   "," 19,382,005,881   "," 19,382,005,881   ", -     
603500,Allocation aux survivants, -     ," 257,525,590   "," 18,617,044   "," 238,908,546   "," 238,908,546   ", -     
603900,Autres charges techniques, -     ," 121,530,489   "," 5,130,651   "," 116,399,838   "," 116,399,838   ", -     
604100,Frais medicaux Assurance Matern, -     ," 572,771,748   "," 123,480   "," 572,648,268   "," 572,648,268   ", -     
604200,IJ Assurance Maternite, -     ," 8,249,115,960   "," 39,744,229   "," 8,209,371,731   "," 8,209,371,731   ", -     
605640,Autres Subventions accordé, -     ," 436,719,975   ", -     ," 436,719,975   "," 436,719,975   ", -     
610010,Fournitures medicales, -     ," 9,644,341   ", -     ," 9,644,341   "," 9,644,341   ", -     
610020,Fournitures pharmaceutiques, -     ," 27,807,830   ", -     ," 27,807,830   "," 27,807,830   ", -     
610223,Fournitures d'atelier et de lab, -     ," 57,048,477   ", -     ," 57,048,477   "," 57,048,477   ", -     
610225,Fournitures de bureau, -     ," 126,539,755   "," 1,043,150   "," 125,496,605   "," 125,496,605   ", -     
610226,Four ensemble electronique, -     ," 55,043,411   "," 1,668,480   "," 53,374,931   "," 53,374,931   ", -     
612110,Electricite, -     ," 837,146,394   "," 5,038,910   "," 832,107,484   "," 832,107,484   ", -     
612120,Gaz, -     ," 9,501,706   ", -     ," 9,501,706   "," 9,501,706   ", -     
612130,Carburant et lubrifiant, -     ," 703,087,698   ", -     ," 703,087,698   "," 703,087,698   ", -     
612170,Eau, -     ," 32,610,923   ", -     ," 32,610,923   "," 32,610,923   ", -     
612300,Fournitures d'entretien et de p, -     ," 38,064,201   "," 24,050   "," 38,040,151   "," 38,040,151   ", -     
612500,"Linges, vetements de travail", -     ," 8,929,000   ", -     ," 8,929,000   "," 8,929,000   ", -     
612800,Autres fournitres non stockable, -     ," 62,675,228   "," 2,582,300   "," 60,092,928   "," 60,092,928   ", -     
612900,Autres petits matériels et mobi, -     ," 8,566,800   ", -     ," 8,566,800   "," 8,566,800   ", -     
616100,Achat pour reception, -     ," 12,836,175   "," 502,595   "," 12,333,580   "," 12,333,580   ", -     
618210,Transport, -     ," 11,581,928   ", -     ," 11,581,928   "," 11,581,928   ", -     
618800,Autres fournitures, -     , 1   , -     , 1   , 1   , -     
621100,Frais voyage depla personnel, -     ," 171,801,261   "," 4,939,600   "," 166,861,661   "," 166,861,661   ", -     
621200,Frais voyage depla Administrate, -     ," 15,403,200   "," 22,000   "," 15,381,200   "," 15,381,200   ", -     
621300,Frais voyage depla d'autres per, -     ," 17,851,300   "," 143,600   "," 17,707,700   "," 17,707,700   ", -     
626100,Frais demenagement Agents, -     ," 116,485,500   ", -     ," 116,485,500   "," 116,485,500   ", -     
630100,Reception, -     ," 113,298,388   "," 16,411,020   "," 96,887,368   "," 96,887,368   ", -     
630210,Indem mission du personnel, -     ," 1,299,144,650   "," 39,176,400   "," 1,259,968,250   "," 1,259,968,250   ", -     
630220,Indem mission des Administrateu, -     ," 36,610,000   "," 1,915,000   "," 34,695,000   "," 34,695,000   ", -     
630280,Indem mission d'autres pers, -     ," 2,984,000   ", -     ," 2,984,000   "," 2,984,000   ", -     
632310,Loyer, -     ," 23,473,680   "," 2,100,000   "," 21,373,680   "," 21,373,680   ", -     
632320,Charges locatives des immeubles, -     ," 15,653,666   ", -     ," 15,653,666   "," 15,653,666   ", -     
632401,Loyers et charges locatives du, -     ," 256,367,307   "," 7,870,080   "," 248,497,227   "," 248,497,227   ", -     
632402,loyer et charges locatives du m, -     ," 899,698,912   ", -     ," 899,698,912   "," 899,698,912   ", -     
632500,Location de matériel, -     ," 1,130,375   ", -     ," 1,130,375   "," 1,130,375   ", -     
632501,redevance-brevet-licence-logici, -     ," 1,131,650,418   "," 135,935,151   "," 995,715,267   "," 995,715,267   ", -     
633100,Entre/ repara immbles d'exploit, -     ," 1,014,429,635   "," 372,444,635   "," 641,985,000   "," 641,985,000   ", -     
633110,Entre/repa immbles rapport, -     ," 505,027,265   "," 9,917,438   "," 495,109,827   "," 495,109,827   ", -     
633210,Entre/repa mat mobilier, -     ," 15,572,649   "," 20,000   "," 15,552,649   "," 15,552,649   ", -     
633220,Entre/repa mat informatique, -     ," 643,259,489   "," 29,344,974   "," 613,914,515   "," 613,914,515   ", -     
633230,Entre/repa mat transport, -     ," 225,595,672   "," 345,582   "," 225,250,090   "," 225,250,090   ", -     
633240,Entre/repa mat tech oeuvres san, -     ," 6,295,879   "," 4,417,727   "," 1,878,152   "," 1,878,152   ", -     
633290,Entre/repa d'autres mat mob, -     ," 910,535,779   ", -     ," 910,535,779   "," 910,535,779   ", -     
634200,Remun. pers. prêté à CNPS, -     ," 15,904,512   ", -     ," 15,904,512   "," 15,904,512   ", -     
634400,Honoraires Base imposable, -     ," 280,707,873   "," 26,038,237   "," 254,669,636   "," 254,669,636   ", -     
634401,Honoraires Non imposable, -     ," 4,966,817,441   "," 807,976,387   "," 4,158,841,054   "," 4,158,841,054   ", -     
634500,Frais d'acte et de contentieux, -     ," 74,200,252   "," 400,000   "," 73,800,252   "," 73,800,252   ", -     
634800,Autres remunerations, -     ," 30,000   "," 30,000   ", -     , -     , -     
635100,Annonces et insertions, -     ," 61,491,184   "," 30,310,000   "," 31,181,184   "," 31,181,184   ", -     
635300,"Journaux, catalogues et autre d", -     ," 14,684,100   ", -     ," 14,684,100   "," 14,684,100   ", -     
635700,Pourboires et dons courants, -     ," 87,809,375   "," 3,536,000   "," 84,273,375   "," 84,273,375   ", -     
635800,Autres depenses publicite, -     ," 2,244,667,680   "," 274,788,678   "," 1,969,879,002   "," 1,969,879,002   ", -     
636100,Affranchissement, -     ," 2,933,860   ", -     ," 2,933,860   "," 2,933,860   ", -     
636300,"phone, telegramme, telex fax", -     ," 277,484,507   "," 22,365,621   "," 255,118,886   "," 255,118,886   ", -     
636600,Redevance pour boite postale, -     ," 2,192,700   "," 150,000   "," 2,042,700   "," 2,042,700   ", -     
636700,Lignes specia informatiques, -     ," 690,597,063   "," 10,067,070   "," 680,529,993   "," 680,529,993   ", -     
637100,Frais sur titres, -     ," 776,442,987   "," 62,944,771   "," 713,498,216   "," 713,498,216   ", -     
637800,Autres frais commis bancaires, -     ," 1,223,943,571   "," 4,063,656   "," 1,219,879,915   "," 1,219,879,915   ", -     
638110,Cotisations d'autres organismes, -     ," 142,757,058   "," 10,000,000   "," 132,757,058   "," 132,757,058   ", -     
638120,"Frais de congres, colloques, se", -     ," 491,779,598   "," 193,982,410   "," 297,797,188   "," 297,797,188   ", -     
638220,Frais de gardiennage, -     ," 724,291,163   "," 9,637,101   "," 714,654,062   "," 714,654,062   ", -     
638230,Autres services rendus par les, -     ," 1,010,002,780   "," 250,115,339   "," 759,887,441   "," 759,887,441   ", -     
638400,Frais recrutement pers, -     ," 9,950,000   ", -     ," 9,950,000   "," 9,950,000   ", -     
638600,Frais formation personnel, -     ," 633,597,530   "," 7,735,400   "," 625,862,130   "," 625,862,130   ", -     
638700,Frais de formation des administ, -     ," 5,685,000   ", -     ," 5,685,000   "," 5,685,000   ", -     
638800,Aures services exterieurs, -     ," 408,719,266   "," 222,366,370   "," 186,352,896   "," 186,352,896   ", -     
641300,Prime assurance mat transport, -     ," 288,123,245   "," 3,239,460   "," 284,883,785   "," 284,883,785   ", -     
641400,Primes assurance responsabilité, -     ," 14,571,998   ", -     ," 14,571,998   "," 14,571,998   ", -     
641510,Prime assurance / dirigeants, -     ," 59,984,125   ", -     ," 59,984,125   "," 59,984,125   ", -     
641700,Prime assurance/maladie, -     ," 1,899,693,906   ", -     ," 1,899,693,906   "," 1,899,693,906   ", -     
641800,Autres primes d'assurance, -     ," 12,911,593   ", -     ," 12,911,593   "," 12,911,593   ", -     
642100,Jetons de presence, -     ," 403,462,964   "," 5,364,707   "," 398,098,257   "," 398,098,257   ", -     
642200,Indemnités de Présidence, -     ," 74,294,117   ", -     ," 74,294,117   "," 74,294,117   ", -     
643100,Appui au Ministère de Tutelle, -     ," 321,431,800   "," 171,431,800   "," 150,000,000   "," 150,000,000   ", -     
643101,Subventions exceptionnelles, -     ," 12,883,600   ", -     ," 12,883,600   "," 12,883,600   ", -     
651100,Salaires de base, -     ," 10,623,681,591   "," 4,036,705   "," 10,619,644,886   "," 10,619,644,886   ", -     
651110,Heures supplementaires, -     ," 10,754,788   ", -     ," 10,754,788   "," 10,754,788   ", -     
651120,Prime d'ancienneté, -     ," 622,345,885   ", -     ," 622,345,885   "," 622,345,885   ", -     
651151,Prime interessement, -     ," 3,027,081,077   "," 284,167   "," 3,026,796,910   "," 3,026,796,910   ", -     
651160,Prime de caisse, -     ," 10,070,003   ", -     ," 10,070,003   "," 10,070,003   ", -     
651162,Prime fixe divers, -     ," 318,672,887   ", -     ," 318,672,887   "," 318,672,887   ", -     
651163,Prime de panier, -     ," 598,109   ", -     ," 598,109   "," 598,109   ", -     
651164,Prime de salissure, -     ," 12,794,700   ", -     ," 12,794,700   "," 12,794,700   ", -     
651170,Gratification de fin d'exercice, -     ," 1,160,653,762   ", -     ," 1,160,653,762   "," 1,160,653,762   ", -     
651180,Conges payes, -     ," 3,025,745,163   "," 982,487,961   "," 2,043,257,202   "," 2,043,257,202   ", -     
651191,Primes décoration, -     ," 78,961,666   ", -     ," 78,961,666   "," 78,961,666   ", -     
651210,Indemnités de sujetion, -     ," 73,757,662   ", -     ," 73,757,662   "," 73,757,662   ", -     
651230,Indemnites de responsabilite, -     ," 141,384,336   "," 9,333   "," 141,375,003   "," 141,375,003   ", -     
651240,Indemnites d'interim, -     ," 2,522,160   ", -     ," 2,522,160   "," 2,522,160   ", -     
651250,Indemnites de representation, -     ," 82,525,579   ", -     ," 82,525,579   "," 82,525,579   ", -     
651260,Indemnites de logement, -     ," 1,216,679,684   ", -     ," 1,216,679,684   "," 1,216,679,684   ", -     
651270,Indemnites de transport, -     ," 912,844,099   ", -     ," 912,844,099   "," 912,844,099   ", -     
651280,Indemnité et frais de contrôle, -     ," 5,445,000   ", -     ," 5,445,000   "," 5,445,000   ", -     
651870,"Indem, Eau, Electricité", -     ," 18,725,833   ", -     ," 18,725,833   "," 18,725,833   ", -     
651871,"Indem, de tenue", -     ," 5,761,429   ", -     ," 5,761,429   "," 5,761,429   ", -     
651875,Indemnités de frais d'entretien, -     ," 141,600,000   ", -     ," 141,600,000   "," 141,600,000   ", -     
651880,Autres indemnites, -     ," 1,149,891,962   "," 60,578,240   "," 1,089,313,722   "," 1,089,313,722   ", -     
651881,indemnités de stage non imposab, -     ," 263,180,000   ", -     ," 263,180,000   "," 263,180,000   ", -     
655100,Cotisations presta familiales, -     ," 59,149,230   ", -     ," 59,149,230   "," 59,149,230   ", -     
655200,Cotisations AT/MP, -     ," 23,659,225   ", -     ," 23,659,225   "," 23,659,225   ", -     
655300,Cots assurance vieillesse, -     ," 1,235,143,559   ", -     ," 1,235,143,559   "," 1,235,143,559   ", -     
655400,Cotisation Assurance maternité, -     ," 8,872,386   ", -     ," 8,872,386   "," 8,872,386   ", -     
655601,Cotisations patronales CNAM, -     ," 23,336,000   ", -     ," 23,336,000   "," 23,336,000   ", -     
657300,Frais medicaux du personnel, -     ," 1,073,427,000   "," 713,427,000   "," 360,000,000   "," 360,000,000   ", -     
657400,Verse au comite d'entreprise, -     ," 145,000,000   ", -     ," 145,000,000   "," 145,000,000   ", -     
657500,Verse au comite d'hygiene et de, -     ," 633,650   ", -     ," 633,650   "," 633,650   ", -     
657700,Bourses d'etude, -     ," 26,418,659   ", -     ," 26,418,659   "," 26,418,659   ", -     
657801,participation de l'organisme au, -     ," 319,667,031   ", -     ," 319,667,031   "," 319,667,031   ", -     
657900,Autres charges sociales, -     ," 117,569,366   ", -     ," 117,569,366   "," 117,569,366   ", -     
661100,Impots sur salaires, -     ," 553,984,682   ", -     ," 553,984,682   "," 553,984,682   ", -     
665200,Taxes foncieres et autres impot, -     ," 1,427,343,789   ", -     ," 1,427,343,789   "," 1,427,343,789   ", -     
665800,Autres impots, -     ," 49,361,250   ", -     ," 49,361,250   "," 49,361,250   ", -     
665810,IRVM actions, -     ," 553,781,071   ", -     ," 553,781,071   "," 553,781,071   ", -     
665820,IRVM obligations, -     ," 6,139,066   ", -     ," 6,139,066   "," 6,139,066   ", -     
665830,IRC prêts et creances, -     ," 14,156,057   ", -     ," 14,156,057   "," 14,156,057   ", -     
665840,IRC DAT, -     ," 98,014,552   ", -     ," 98,014,552   "," 98,014,552   ", -     
665841,IRC SUR COMPTE COURANT, -     ," 98,158,861   ", -     ," 98,158,861   "," 98,158,861   ", -     
671500,Interets bancaires, -     ," 70,708,533   ", -     ," 70,708,533   "," 70,708,533   ", -     
671510,Intérêts des emprunts, -     ," 1,187,050,879   ", -     ," 1,187,050,879   "," 1,187,050,879   ", -     
678100,Autres charges financieres, -     ," 31,170,178   ", -     ," 31,170,178   "," 31,170,178   ", -     
681310,"Pénalités, amendes fiscales et", -     ," 311,420,331   ", -     ," 311,420,331   "," 311,420,331   ", -     
681800,Autres charges except° operat°, -     ," 1,463,442,193   "," 13,222,068   "," 1,450,220,125   "," 1,450,220,125   ", -     
685300,Valeurs compta nettes des autre, -     ," 16,504,211   ", -     ," 16,504,211   "," 16,504,211   ", -     
691110,Dotat° amort  immos incorp, -     ," 131,402,925   ", -     ," 131,402,925   "," 131,402,925   ", -     
691111,Dotat° amort Logiciels, -     ," 3,451,831,341   "," 2,258,520,000   "," 1,193,311,341   "," 1,193,311,341   ", -     
691127,Dotat° amort immbles adminis, -     ," 1,100,392,468   "," 1,156,209   "," 1,099,236,259   "," 1,099,236,259   ", -     
691128,Dotat° amort immbles de rapport, -     ," 1,259,215,262   "," 11,332,741   "," 1,247,882,521   "," 1,247,882,521   ", -     
691130,Dotat° amort immbles des oeuvre, -     ," 101,889,450   ", -     ," 101,889,450   "," 101,889,450   ", -     
691131,Dotat° aux amortissements logem, -     ," 6,272,544   ", -     ," 6,272,544   "," 6,272,544   ", -     
691132,Dotat°amort mat informatique, -     ," 524,191,832   "," 2,455,133   "," 521,736,699   "," 521,736,699   ", -     
691134,Dotat° amort mat transport, -     ," 395,389,292   "," 914,000   "," 394,475,292   "," 394,475,292   ", -     
691137,Dotat° amort mat bureau, -     ," 7,708,011   "," 54,694   "," 7,653,317   "," 7,653,317   ", -     
691139,Dotat° aux amortissements du ma, -     ," 7,325,416   "," 6,883   "," 7,318,533   "," 7,318,533   ", -     
691140,Dotat° amort mat tech non médic, -     ," 177,260   ", -     ," 177,260   "," 177,260   ", -     
691141,Dotat° amort du mat tech médica, -     ," 2,844,378   ", -     ," 2,844,378   "," 2,844,378   ", -     
691146,Dotat° amort  mobiliers de bure, -     ," 230,460,276   "," 3,401,973   "," 227,058,303   "," 227,058,303   ", -     
691151,"Dotat° amort agence, aména, ins", -     ," 1,196,361,466   "," 226,271   "," 1,196,135,195   "," 1,196,135,195   ", -     
691153,Dotat° amort autres mat mobilie, -     ," 328,326,684   "," 1,831,306   "," 326,495,378   "," 326,495,378   ", -     
691530,Dotat° provis de l'actif circul, -     ," 57,589,990,600   "," 7,796,726,489   "," 49,793,264,111   "," 49,793,264,111   ", -     
691540,Dotat° aux provisions pour risq, -     ," 205,349,839   ", -     ," 205,349,839   "," 205,349,839   ", -     
696100,Dotat° provis elts financiers, -     ," 14,767,829,473   ", -     ," 14,767,829,473   "," 14,767,829,473   ", -     
701100,Cot  des PF en cours, -     ," 1,288,295,254   "," 24,487,644,933   ","-23,199,349,679   ", -     ," 23,199,349,679   "
701110,Cot  des PF anterieur, -     ," 3,008,602,339   "," 6,900,934,006   ","-3,892,331,667   ", -     ," 3,892,331,667   "
701200,Cot des AT/MP en cours, -     ," 988,953,395   "," 16,854,280,207   ","-15,865,326,812   ", -     ," 15,865,326,812   "
701210,Cot  des AT/MP anterieur, -     ," 1,897,491,554   "," 4,870,709,893   ","-2,973,218,339   ", -     ," 2,973,218,339   "
701300,Cot  de la Retraite, -     ," 9,823,367,039   "," 294,614,981,643   ","-284,791,614,604   ", -     ," 284,791,614,604   "
701310,Cot  de la Retraite ant, -     ," 13,900,493,625   "," 80,355,645,375   ","-66,455,151,750   ", -     ," 66,455,151,750   "
701400,Cot  de l'Assur Maternité, -     ," 408,841,233   "," 3,630,346,641   ","-3,221,505,408   ", -     ," 3,221,505,408   "
701410,Cot  de l'Assur Maternite exerc, -     ," 746,463,888   "," 1,107,666,280   ","-361,202,392   ", -     ," 361,202,392   "
702100,Major et Penal  sur PF, -     ," 4,016,036   "," 202,186,931   ","-198,170,895   ", -     ," 198,170,895   "
702110,Major- Penal / PF exercice anté, -     ," 3,597,238,168   "," 5,556,290,357   ","-1,959,052,189   ", -     ," 1,959,052,189   "
702200,Major -Penal / AT/MP, -     ," 13,358,442   "," 127,476,665   ","-114,118,223   ", -     ," 114,118,223   "
702210,Major -Penal / AT/MP exercice a, -     ," 20,948,349,695   "," 21,997,205,920   ","-1,048,856,225   ", -     ," 1,048,856,225   "
702300,Major -Penal /Retraite, -     ," 35,343,282   "," 1,917,534,028   ","-1,882,190,746   ", -     ," 1,882,190,746   "
702310,Major -Penal /Retraite exercice, -     ," 7,380,339,198   "," 23,724,971,618   ","-16,344,632,420   ", -     ," 16,344,632,420   "
702400,Major -Penal /Assur Maternité, -     ," 1,374,695   "," 27,722,956   ","-26,348,261   ", -     ," 26,348,261   "
702410,Major -Penal /Assur Maternité e, -     ," 1,197,200,096   "," 1,587,351,390   ","-390,151,294   ", -     ," 390,151,294   "
703100,Rachat de Cotisations, -     ," 260,448   "," 14,421,864   ","-14,161,416   ", -     ," 14,161,416   "
716510,Prix des actes, -     , -     ," 66,234,157   ","-66,234,157   ", -     ," 66,234,157   "
716520,Rééduct°&Comsutlt.CAPP YOP, -     , -     ," 11,787,800   ","-11,787,800   ", -     ," 11,787,800   "
718200,Revenus des activités du CIFOCS, -     , -     ," 78,784,175   ","-78,784,175   ", -     ," 78,784,175   "
718201,Revenus  CIFOCSS FRAIS DE SEMIN, -     , -     ," 19,355,000   ","-19,355,000   ", -     ," 19,355,000   "
718300,Revenus immbles  loca diverses, -     , -     ," 2,908,136,113   ","-2,908,136,113   ", -     ," 2,908,136,113   "
718800,Autres prod° d'activites annexe, -     , -     ," 553,200   ","-553,200   ", -     ," 553,200   "
718810,Locations véhicules, -     ," 188,009   "," 193,317,109   ","-193,129,100   ", -     ," 193,129,100   "
751000,Recuperation des PF indues, -     , -     ," 165,000   ","-165,000   ", -     ," 165,000   "
752000,Recuperation des AT/MP indues, -     ," 6,340   "," 6,707,524   ","-6,701,184   ", -     ," 6,701,184   "
753000,Recuperation des retraite indue, -     ," 6,902,318   "," 395,931,747   ","-389,029,429   ", -     ," 389,029,429   "
754000,Recuperation des IJ assurance m, -     ," 654,524   "," 2,688,033   ","-2,033,509   ", -     ," 2,033,509   "
771000,Reve /titres de participat°, -     , -     ," 8,401,921,420   ","-8,401,921,420   ", -     ," 8,401,921,420   "
772000,Reve/titres de placement, -     ," 8,109,295   "," 18,175,206,045   ","-18,167,096,750   ", -     ," 18,167,096,750   "
773000,Reve prets autres creances, -     , -     ," 64,649,476   ","-64,649,476   ", -     ," 64,649,476   "
776000,Produits cession de valeur mobi, -     , -     ," 18,613,140   ","-18,613,140   ", -     ," 18,613,140   "
776100,Produits nets (OPCVM) Organisme, -     , -     ," 535,056,919   ","-535,056,919   ", -     ," 535,056,919   "
777000,Interets des DAT, -     , -     ," 8,173,297,237   ","-8,173,297,237   ", -     ," 8,173,297,237   "
777010,Interets des cptes courants, -     , -     ," 481,227,314   ","-481,227,314   ", -     ," 481,227,314   "
778000,Autres produits financiers, -     , -     ," 408,722,461   ","-408,722,461   ", -     ," 408,722,461   "
781200,Trans charges d'expliotation, -     , -     ," 65,000   ","-65,000   ", -     ," 65,000   "
781610,"Autres produits, débours AT", -     , -     ," 4,300,138   ","-4,300,138   ", -     ," 4,300,138   "
781800,Autres produits exceptionnels s, -     ," 18,086,410   "," 9,231,930,134   ","-9,213,843,724   ", -     ," 9,213,843,724   "
781810,"Autres produits, Appels d'offre", -     , -     ," 7,900,000   ","-7,900,000   ", -     ," 7,900,000   "
781830,"Autres produits, cession du mat", -     , -     ," 1,192,407   ","-1,192,407   ", -     ," 1,192,407   "
781900,Produits except° (oct 200), -     , -     ," 39,900   ","-39,900   ", -     ," 39,900   "
785200,Produits de cession d'autres im, -     , -     ," 26,485,337   ","-26,485,337   ", -     ," 26,485,337   "
785800,Produits de cession d'autres el, -     , -     ," 2,500   ","-2,500   ", -     ," 2,500   "
791220,Reprise sur provision pour depr, -     , -     ," 8,456,675   ","-8,456,675   ", -     ," 8,456,675   "
791230,Reprise sur provision pour risq, -     , -     ," 1,390,082,641   ","-1,390,082,641   ", -     ," 1,390,082,641   "
796510,Reprise/provis Elts financiers, -     , -     ," 1,481,751,493   ","-1,481,751,493   ", -     ," 1,481,751,493   "
796521,Rep/provis litiges, -     , -     ," 1,175,246,068   ","-1,175,246,068   ", -     ," 1,175,246,068   "
796600,Rep/provis immos finan /v.m, -     , -     ," 3,078,096   ","-3,078,096   ", -     ," 3,078,096   "
